Title,Activity Type,Description,Rating,Reviews,Phone,WhatsApp,Instagram,Facebook,Industry,Address,Website,Image,Amenities,Latitude,Longitude,Google Maps Link
The Philippine Experience,Tourist Attraction / Cultural Tour,"An immersive cultural showcase celebrating Filipino traditions, food, and hospitality - a one-stop window into the soul of the Philippines.",5.0,(404),991 154 4725,https://wa.me/9911544725,https://instagram.com/ThePhilippineExperience,https://www.facebook.com/ThePhilippineExperience,Tourist attraction,0991 154 4725,https://www.thephilippineexperience.com/,https://lh3.googleusercontent.com/gps-cs-s/APNQkAHUs4OHC3xKky5dxmSFYQCsZsH7aDEzcT2SbP6vlXSAjn1hhKRVG6t4HtpTCb0TvD5BO9mL5q8dlYVlFhPaMU705IRWgzzVQeE6B_06d852aCC6H08Mkrmit9otlIbVBDkgkXgidpDAwcwr=s1600,,11.1395274,119.4005879,https://www.google.com/maps/place/The+Philippine+Experience/data=!4m7!3m6!1s0x33b65572d7222b03:0x70db47b765ac2fa1!8m2!3d11.1395274!4d119.4005879!16s%2Fg%2F11tg4kn6f4!19sChIJAysi13JVtjMRoS-sZbdH23A?authuser=0&hl=en&rclk=1
Panorama Experiences,Outdoor Adventure Organiser,Curated outdoor escapades led by local pros - built for travelers chasing those jaw-dropping Palawan panoramas.,5.0,(3),939 514 3922,https://wa.me/9395143922,https://www.instagram.com/panoramaelnido/,http://facebook.com/squarespace,Outdoor activity organiser,,https://www.panoramaexperiences.com/,https://lh3.googleusercontent.com/gps-cs-s/APNQkAHpLb_RJiRegrhtXIVdVUww1_mbvNswsjm8Xu7e-cuJV6aquY057qgYQ0zFrcE9bfniOjfY_58bb41pAe9i-4V13QyUmMV6bjOrkicrOyzpsfI711gM1qe-FkBftpT1UfONRpc8C_yiOTu5=s1600,,11.157188,119.3983943,https://www.google.com/maps/place/Panorama+Experiences/data=!4m7!3m6!1s0x33b6550d12c91b5d:0x3b12dac3423344de!8m2!3d11.157188!4d119.3983943!16s%2Fg%2F11ymzww0bm!19sChIJXRvJEg1VtjMR3kQzQsPaEjs?authuser=0&hl=en&rclk=1
Taraw Cliff,Natural Attraction / Hiking,El Nido's legendary jagged limestone giant - scale it at sunrise for the most heart-stopping view in Palawan.,4.5,(351),,,,,Tourist attraction,,,https://lh3.googleusercontent.com/gps-cs-s/APNQkAE-Bg1vZoOwx1JkimnTshCDd_z9VQv0WsDj2WDvpJPn0u5kfJEa2OPAQGQ8DPKEKHnq4mE-ugwvayk5UWs6nzMRAcbx_oHAwGVzojV_Z25EEUGOUAMbg88FR-mXeUE_f0VVQSu66w=s1600,,11.1790798,119.3888629,https://www.google.com/maps/place/Taraw+Cliff/data=!4m7!3m6!1s0x33b6551681e629d1:0xb43db151994522d3!8m2!3d11.1790798!4d119.3888629!16s%2Fg%2F11fy4gms8m!19sChIJ0SnmgRZVtjMR0yJFmVGxPbQ?authuser=0&hl=en&rclk=1
Elnido Zipline - Palawan Zipline Adventure Inc.,Adventure Sports Center,Soar above turquoise waters and karst cliffs on one of the longest island ziplines in the Philippines - pure adrenaline with a postcard backdrop.,4.1,(457),950 884 0111,https://wa.me/9508840111,,,Adventure sports center,0950 884 0111,,https://lh3.googleusercontent.com/gps-cs-s/APNQkAGR69gVinYV_tIv00_0P2WXyx2QN499_VfzaP-bm5e2On5iaNrEqBOC-bp1rz4LhxI5urQoJiPymbvlfh7z2eW5FQAVtw5pA6gx62Mpiz88DRfUuaa4MIpppsdnFK7qV0IOGOIBWtXCABWk=s1600,,11.1440792,119.3968286,https://www.google.com/maps/place/Elnido+Zipline+-+Palawan+Zipline+Adventure+Inc./data=!4m7!3m6!1s0x33b65594f8a21cd1:0x753b395ed2a3bb83!8m2!3d11.1440792!4d119.3968286!16s%2Fg%2F11dxkl68ww!19sChIJ0Ryi-JRVtjMRg7uj0l45O3U?authuser=0&hl=en&rclk=1
E-Bahay Nature Adventure Park,Amusement / Adventure Park,"A jungle-set adventure park stacked with zip rides, nature trails, and family-friendly thrills tucked into El Nido's wilder side.",4.2,(20),917 102 1505,https://wa.me/9171021505,https://www.instagram.com/ebahayadventurepark/,,Amusement park,0917 102 1505,,https://lh3.googleusercontent.com/gps-cs-s/APNQkAFCdZNqPl8iI7nyIz-CcjeaSnf4HVGrLCkE6pdMVfTEDS-RFhxYxTBPeoyyYAb9Fybvxz6TY1g1wNnLv24qz5u4cfUlQI9Mi-wYwaJhsJRpXGEIr6S66GnYlCbGJLLJ4SdOPrjSRw=s1600,,11.2042867,119.4818925,https://www.google.com/maps/place/E-Bahay+Nature+Adventure+Park/data=!4m7!3m6!1s0x33b7013155a64d5b:0x9a624abbcaeffa61!8m2!3d11.2042867!4d119.4818925!16s%2Fg%2F11ty5lhngz!19sChIJW02mVTEBtzMRYfrvyrtKYpo?authuser=0&hl=en&rclk=1
El nido Adventures 360,Kayak & Canoe Rental,Paddle your own adventure - kayak rentals that let you slip into hidden lagoons and quiet coves on your own clock.,4.9,(174),976 539 0640,https://wa.me/9765390640,https://www.instagram.com/elnido_adventures_tour/,https://www.facebook.com/profile.php?id=61582114619714,Canoe & kayak rental service,0976 539 0640,,https://lh3.googleusercontent.com/gps-cs-s/APNQkAHRiQ1tErL4nCuxNc-9iF6j2NkdBt0UjSTKOrkt5tbsWJ3FOXds1cvZOgftkFpEpblWhb9QSn87EYKvGSrTtjem6GLeLgK4DYGoZfxh_FrSdnPi3qOYaNFHfAfQIFAaQHa4HXvK7GuI4rnf=s1600,,11.1938421,119.4168424,https://www.google.com/maps/place/El+nido+Adventures+360%C2%B0/data=!4m7!3m6!1s0x33b6ffdd5031fe09:0xe77a1834832c2080!8m2!3d11.1938421!4d119.4168424!16s%2Fg%2F11yqrdgnj2!19sChIJCf4xUN3_tjMRgCAsgzQYeuc?authuser=0&hl=en&rclk=1
El Nido Via Ferrata Canopy Walk,Tourist Attraction / Climbing,A vertigo-inducing cliff walk along iron rungs and skybridges - climb the famous Taraw karst safely and live the view.,4.2,"(1,083)",(048) 723 3401,https://wa.me/0487233401,https://www.instagram.com/elnidoviaferrata/,,Tourist attraction,723 3401,,https://lh3.googleusercontent.com/gps-cs-s/APNQkAEPz23DOTq_vmCfF4WHqKu5nWTxhfS8A-OY8CLJRe2umDq4OV9RRgmMD4p_cGs2up84krp3nseWxoFvZ0Qjtqkgzmk-97pGMC3FijF6GpEgC1bEkyNCtPtCD8Gn2e1W1U3PkgeFqm84cUM=s1600,,11.1775954,119.3902714,https://www.google.com/maps/place/El+Nido+Via+Ferrata+Canopy+Walk/data=!4m7!3m6!1s0x33b6551414a44709:0xd8086f513f9e7606!8m2!3d11.1775954!4d119.3902714!16s%2Fg%2F11d_dj6v3h!19sChIJCUekFBRVtjMRBnaeP1FvCNg?authuser=0&hl=en&rclk=1
Castaway Expeditions by Outpost Hostel El Nido,Tour Operator,"Beachfront tour outfit running island hopping, multi-day expeditions, and that signature castaway vibe with backpacker soul.",4.9,(786),969 479 8977,https://wa.me/9694798977,https://www.instagram.com/castawaytours.ph,https://www.facebook.com/castawaytours.ph,Tour operator,0969 479 8977,https://www.castawaytours.ph/,https://lh3.googleusercontent.com/gps-cs-s/APNQkAEHVCpN5W0CQ3uPSwvgLQZNxLUoHNDJCKsp54tkGPAY0CuGj05D_LPwd6099bfReZwQhqjTx3hQAotTf7mIe5kf3Db5EMhbAvIs2GTusMHRaLzrlaDpz9UnhJCqvTM2wgL0Iog2=s1600,Beachfront,11.1574768,119.3979489,https://www.google.com/maps/place/Castaway+Expeditions+by+Outpost+Hostel+El+Nido/data=!4m7!3m6!1s0x33b6551543b3c5e7:0xbe38b8137780365a!8m2!3d11.1574768!4d119.3979489!16s%2Fg%2F11vf7n9ctz!19sChIJ58WzQxVVtjMRWjaAdxO4OL4?authuser=0&hl=en&rclk=1
Papaya Beach,Beach / Natural Attraction,"A quiet, palm-fringed slice of sand perfect for a slow morning swim and a coconut in the shade.",4.7,(728),,,,,,,,https://lh3.googleusercontent.com/gps-cs-s/APNQkAHvWdnovXaBsFvDt6W2AIPJmVnwOQeMWB3-AN-eyGJ5iWSD52Mjy5fvjWEkVNw0syhd62tyaS-uugQfHx6-D7BiW672s4QfUMYl9qA-bzRf8WCPR2_jj83QloF_rFYF3VnlkGzGZMtnyWPq=s1600,,11.1730073,119.3816015,https://www.google.com/maps/place/Papaya+Beach/data=!4m7!3m6!1s0x33b6550f8b230821:0x8396ba7689dc421c!8m2!3d11.1730073!4d119.3816015!16s%2Fg%2F11c2ncc8c8!19sChIJIQgjiw9VtjMRHELciXa6loM?authuser=0&hl=en&rclk=1
El Nido Tours Sea Quest - island hopping and expeditions to Coron.,Travel Agency / Island Hopping,From day-trip Tours A-D to legendary multi-day Coron expeditions - your full-service ticket to the Bacuit Archipelago.,4.8,"(2,118)",928 894 9483,https://wa.me/9288949483,https://instagram.com/elnido.tours,https://facebook.com/groups/elnidotours/,Travel agency,0928 894 9483,https://www.elnido-tours.com/,https://lh3.googleusercontent.com/gps-cs-s/APNQkAGmPhJuaZqYRqSN86sPF87hiw73wd0J4_KKp_blxzhK-idWGLJ9_W5v3chHRcHYaq_8e0RKG-70zQO1JLEX_DS69jLbmNtUDivFoKSXxlhR9e0CoChe3sMCIxMvVUEQ704trAgl6G3Z_cXC=s1600,,11.1648125,119.3985625,https://www.google.com/maps/place/El+Nido+Tours+%22Sea+Quest%22+-+island+hopping+and+expeditions+to+Coron./data=!4m7!3m6!1s0x33b655302e061e03:0x9494aaeb02c522cd!8m2!3d11.1648125!4d119.3985625!16s%2Fg%2F11j3t10vkz!19sChIJAx4GLjBVtjMRzSLFAuuqlJQ?authuser=0&hl=en&rclk=1
JAYVEN KAYAK RENTAL (kayaking El nido),Kayak & Canoe Rental,Friendly local kayak rentals at honest prices - grab a paddle and discover El Nido's coastline on your own terms.,5.0,(174),951 295 2114,https://wa.me/9512952114,,,Canoe & kayak rental service,0951 295 2114,,https://lh3.googleusercontent.com/gps-cs-s/APNQkAENoLk58k4z_uunrBar4XL935q5PIUFS4aYOP2yARHAZJVb32-lVvnTBsU4Blg8vkuydZjGip0gnocNdxcmN3Ft4i8B6pIoV3OtiNETjOp6bdueG1jFi6FpTupQe4dWYaNz9WqdZM_NjeZF=s1600,,11.1697262,119.3945039,https://www.google.com/maps/place/JAYVEN+KAYAK+RENTAL+%28kayaking+El+nido%29/data=!4m7!3m6!1s0x33b65562c8381da9:0x92d1570abfb9a2f8!8m2!3d11.1697262!4d119.3945039!16s%2Fg%2F11svlgvzzj!19sChIJqR04yGJVtjMR-KK5vwpX0ZI?authuser=0&hl=en&rclk=1
Buhay Isla Ecotour - El Nido,Tour Operator / Ecotour,"Top-rated ecotours that put nature, community, and unforgettable island stops at the center of every trip.",5.0,"(3,068)",939 936 2095,https://wa.me/9399362095,https://www.instagram.com/buhayislaecotour,https://www.facebook.com/buhayislaecotour,Tour operator,0939 936 2095,https://www.buhayisla.com/,https://lh3.googleusercontent.com/gps-cs-s/APNQkAEOTHTlYjbZ5WQVusZlF_aqOT9y7X2L_t0EqKfnNSltb8z13O9hVwOd6wKFNfo4U7IWwDgj8deoIo8NUGU774fPR2iPV-RRu7EInlK1ILHUfoCCdPxA0lJThWxuOoQJSt3ncJi6VZR25PvA=s1600,,11.1624448,119.3988068,https://www.google.com/maps/place/Buhay+Isla+Ecotour+-+El+Nido/data=!4m7!3m6!1s0x33b7003496f02a6d:0xf303ff88e5df5282!8m2!3d11.1624448!4d119.3988068!16s%2Fg%2F11bzwnq5t3!19sChIJbSrwljQAtzMRglLf5Yj_A_M?authuser=0&hl=en&rclk=1
Yaica view,Scenic Viewpoint,A quiet hilltop lookout serving up sweeping El Nido views - locals' favorite for sunset selfies without the crowds.,5.0,(2),,,https://www.instagram.com/_yaica/,,,,,https://lh3.googleusercontent.com/gps-cs-s/APNQkAEy-vX6Fu4sxMB35LTKtXamF8J0OcW234dbx_7x21IeSEPDo0TDu_6LxT6T0p6qasdMydDMFsYr1tkOMV9sKcQVZYxdEfbNCS_JOBnwO1NMirH6Gk35l1pDVOl0zJd8xJ-vbqEdYAg8TJoe=s1600,,11.1452522,119.3950236,https://www.google.com/maps/place/Yaica+view/data=!4m7!3m6!1s0x33b65500373cb79b:0x133f8bfdcb4821de!8m2!3d11.1452522!4d119.3950236!16s%2Fg%2F11z78cm6gm!19sChIJm7c8NwBVtjMR3iFIy_2LPxM?authuser=0&hl=en&rclk=1
Corong Corong Pier,Pier / Departure Point,The launchpad for sunset cruises and southbound boats - a working pier with that golden-hour magic.,4.2,(13),,,,,,,,https://lh3.googleusercontent.com/gps-cs-s/APNQkAHR6Nh8FvRGdEGCwBwW7X_A-RDWIgGpviBufvELyebDlL_Lhm55HPDeL4RWlufbGSmLd6OqZOp2aH72y4HzXqASXQL-VOdQH7QxYsxOjDVSDSlTveOEvejKPrZ_N-XCGw8DoYfzQUksmKYh=s1600,Restaurant,11.1693322,119.3939712,https://www.google.com/maps/place/Corong+Corong+Pier/data=!4m7!3m6!1s0x33b6550070d6621b:0x9d8673df89c4844!8m2!3d11.1693322!4d119.3939712!16s%2Fg%2F11y4znqxwk!19sChIJG2LWcABVtjMRREic-D1n2Ak?authuser=0&hl=en&rclk=1
Hayahay Adventures El Nido,Tour Agency,Laid-back island hopping and adventure tours with a friendly crew that treats every guest like family.,4.7,(31),968 853 4423,https://wa.me/9688534423,https://www.instagram.com/hayahayadventureselnido/,https://www.facebook.com/hayahayadventureselnido/,Tour agency,0968 853 4423,https://www.hayahayadventures.com/,https://lh3.googleusercontent.com/gps-cs-s/APNQkAEPiv8Ewa9D0bInH-8DQiiauMUhfKqohTD-4JRyqpNEEEKv11nltGElJ65dEPvgO0KXCqGJqioxRQsmoQaBJ2BqyZ90ZQUy6fGom61NRcMBVbaCzT4mMhMyIOgymxSZLnSPo3rzIDMq1A0=s1600,,11.1633929,119.3985498,https://www.google.com/maps/place/Hayahay+Adventures+El+Nido/data=!4m7!3m6!1s0x33b655fb49d0a343:0x96df61d3238b618b!8m2!3d11.1633929!4d119.3985498!16s%2Fg%2F11j10rqmtx!19sChIJQ6PQSftVtjMRi2GLI9Nh35Y?authuser=0&hl=en&rclk=1
Beach View Lane,Scenic Viewpoint,"A breezy little lane with a million-dollar view of the bay - quick stop, big payoff.",4.0,(1),,,,,,,,https://lh3.googleusercontent.com/gps-cs-s/APNQkAH8PH5kJCKEHVMFdpv6u8bVfLkeNpJQSfRmv8MPhumzsdnfyYIS-bvT136Oh5_eC-VHlWIVjp-RmMqP2Ly2ndE4rQyxXDWlVFbocXLSxjAbVPX0cTMFZQN2sKVszMfgHs8nC27SlrnMa2s=s1600,,11.1632454,119.3973521,https://www.google.com/maps/place/Beach+View+Lane/data=!4m7!3m6!1s0x33b655007d55046d:0x38ec4671be22e174!8m2!3d11.1632454!4d119.3973521!16s%2Fg%2F11z1dx5y3c!19sChIJbQRVfQBVtjMRdOEivnFG7Dg?authuser=0&hl=en&rclk=1
El Nido Beach,Beach / Natural Attraction,"El Nido's main strip of sand - boats bobbing, bars buzzing, and the iconic Cadlao Island looming straight ahead.",4.4,(933),,,,,,,,https://lh3.googleusercontent.com/gps-cs-s/APNQkAGmVKkmN21vQUrxBsYMAC5T8dJeUi63ollCy1ErMTLf2AJGcTiVVd7nNWmzNnkumRw4DK61OrxJu2plhFDcXQF-IojuZ9klVay3aq4JqhMX1ukA3wrdKMU_umesqfFY2WhWoUm7iGn8MqGl=s1600,"Restaurant, Kitchen",11.1811279,119.3904002,https://www.google.com/maps/place/El+Nido+Beach/data=!4m7!3m6!1s0x33b655108d3d5111:0x5e9058a600616229!8m2!3d11.1811279!4d119.3904002!16s%2Fg%2F11gmvwhk9b!19sChIJEVE9jRBVtjMRKWJhAKZYkF4?authuser=0&hl=en&rclk=1
Mango Tiger Philippines,Local Attraction,"A quirky local stop that locals quietly love - small but charming, exactly the kind of spot you'll be glad you found.",4.7,(15),,,,,,,,https://lh3.googleusercontent.com/gps-cs-s/APNQkAGzi6LGBb21BVJ8bNaJlWvl047ArB8pGDYWJbJgCWaBDuxC_vTrRh1n3sVP2qzkTN2oi9zv7fvLTWdQaeUZB9BY4SKAH0dcUEsCaiR4A3ZPGC1N1aHlNRSANgcaeZ567z6semOB4EI0Snp4=s1600,,11.1797964,119.3875932,https://www.google.com/maps/place/Mango+Tiger+Philippines/data=!4m7!3m6!1s0x33b6558dfa8decbf:0x2637eb47758ff08!8m2!3d11.1797964!4d119.3875932!16s%2Fg%2F11ylhdh5fp!19sChIJv-yN-o1VtjMRCP9Yd7R-YwI?authuser=0&hl=en&rclk=1
Discover El Nido,Tour Agency,"One of El Nido's most trusted tour planners - island hopping, transfers, and tips from people who actually live here.",4.7,(514),917 773 3404,https://wa.me/9177733404,https://instagram.com/discoverelnido,https://facebook.com/discoverelnido,Tour agency,0917 773 3404,http://www.discoverelnido.com/,https://lh3.googleusercontent.com/gps-cs-s/APNQkAEI21UxUIzRwiTLcbN35Bgn16-ZJ4RGzq-wcwiHMy1m20ReNgV9gRtu_0mT1pEL3cynvavkPI38nW9qqz_uiz_YNOE5H01IttwBPXTiT3WjJ4c3QZX_z-Odu3wSDQCkKp5qCTTk2CnyzBWX=s1600,,11.1784599,119.3910923,https://www.google.com/maps/place/Discover+El+Nido/data=!4m7!3m6!1s0x33b6553fd246514f:0x1e63efbf3c405ecd!8m2!3d11.1784599!4d119.3910923!16s%2Fg%2F1jky3yqj3!19sChIJT1FG0j9VtjMRzV5APL_vYx4?authuser=0&hl=en&rclk=1
Vanilla Beach El Nido,Beachfront Lifestyle Hub,"A breezy beachside hangout blending dining, shopping, and chill seaside vibes - the social hub of Maremegmeg.",4.5,(365),25195679,https://wa.me/25195679,https://www.instagram.com/vanillabeachelnido/,https://www.facebook.com/wix,,,http://vanillabeach.com.ph/,https://lh3.googleusercontent.com/gps-cs-s/APNQkAGGDw4gAkautY-BjtJOpKs_oimZ2SC31y2bjHrmJ4eu_ogcMsM76ESSNJjYyMDrl_SP7nYPQnkTZcADo0fgM_rpAOdFlayhgORUs_CyqyRtTEB46ieRdBfObMThAgvosVkZzb9C3C4WzfQg=s1600,,11.1469997,119.3969443,https://www.google.com/maps/place/Vanilla+Beach+El+Nido/data=!4m7!3m6!1s0x33b655965cc50629:0xefbab18add617c2d!8m2!3d11.1469997!4d119.3969443!16s%2Fg%2F11f57ftzl1!19sChIJKQbFXJZVtjMRLXxh3Yqxuu8?authuser=0&hl=en&rclk=1
Seatours Palawan,Tour Agency,"Highly rated boat tours run with safety, smiles, and the best snorkel stops in Bacuit Bay.",4.9,"(2,173)",909 594 1841,https://wa.me/9095941841,https://www.instagram.com/seatours_palawan/,,Tour agency,0909 594 1841,,https://lh3.googleusercontent.com/gps-cs-s/APNQkAE6mH0tDF9SbJt9ryJ2lE6-IQd91pGUcl8wnDlRvPWBl6VfhEANTjgoAO_bCx3CLt0Y7V7fg7f1gXWpGGej2xT9DiFKc2zsoJDlMo83mvXkftPrRjSdTigXxsbIA5lNSQTqwOrtMyBaRBWF=s1600,,11.170085,119.3946627,https://www.google.com/maps/place/Seatours+Palawan/data=!4m7!3m6!1s0x33b655e4fa00cf6b:0x43ea3b6fd2c91006!8m2!3d11.170085!4d119.3946627!16s%2Fg%2F11vksynyxm!19sChIJa88A-uRVtjMRBhDJ0m876kM?authuser=0&hl=en&rclk=1
Exoticloops Motorcycle Tours,Motorcycle Tour Operator,"Twist the throttle on guided motorbike loops through Palawan's hidden roads, waterfalls, and lookout points.",5.0,(42),915 974 1621,https://wa.me/9159741621,http://instagram.com/exoticloops,http://facebook.com/xoticloops,Tour operator,0915 974 1621,http://exoticloops.com/,https://lh3.googleusercontent.com/gps-cs-s/APNQkAFoUo1H9zkFzvsoN1pWHS4W4G4RxRiLaAP5_UDj45e5zFQXkrPPTy0DddxIhW4u2ity11FactKFvn0nHYig_WsiT3Dy5-jjIIV6djay2upgK_dAaoYDnTFM06hx6qvwgKtyc9uMVw=s1600,Laundry,11.1777978,119.3918233,https://www.google.com/maps/place/Exoticloops+Motorcycle+Tours/data=!4m7!3m6!1s0x33b65514f6f07831:0x450f856a626870db!8m2!3d11.1777978!4d119.3918233!16s%2Fg%2F11c328g45q!19sChIJMXjw9hRVtjMR23BoYmqFD0U?authuser=0&hl=en&rclk=1
Bliss El Nido,Boat Tour Agency,"Boutique boat tours focused on small groups, quiet beaches, and that proper blissed-out island day.",5.0,(59),967 439 7222,https://wa.me/9674397222,https://www.instagram.com/bliss_elnido/,,Boat tour agency,0967 439 7222,https://tantulika27.wixsite.com/travel/19,https://lh3.googleusercontent.com/gps-cs-s/APNQkAFYlwprsvD8dPX9n2V8vPaL44MSv61LpTYquKqHP-0Z38m1xPb7LAmWcOYeORIQ-oOYHuxVxr6Q6pVjKQbTmUDxrYn_ueHVGIXcFXVDcqO6jwZ0-sVfU6QplC9imwvgV3_i5AFM=s1600,,11.1689729,119.3916429,https://www.google.com/maps/place/Bliss+El+Nido/data=!4m7!3m6!1s0x33b65585381de855:0x5c0c5c0244e70a99!8m2!3d11.1689729!4d119.3916429!16s%2Fg%2F11kb55gbjl!19sChIJVegdOIVVtjMRmQrnRAJcDFw?authuser=0&hl=en&rclk=1
Las Cabanas Beach,Beach / Sunset Spot,"The undisputed sunset capital of El Nido - golden sand, beach bars, and that famous orange-pink sky show.",4.5,"(1,619)",,,,,,,,https://lh3.googleusercontent.com/gps-cs-s/APNQkAFC3IepXfKiEKlcfSOo0S9a8TeIN1POeKkSW1h9YrQ3bjpFGxav5oKsZhttUppnUpItUaG6bSMBgm3nl3o6olGYwbLKPhXYJOlmTie8s7zGa-nWYTBfngFFLkRc24lVPZdTw13M=s1600,,11.1448032,119.3944573,https://www.google.com/maps/place/Las+Caba%C3%B1as+Beach/data=!4m7!3m6!1s0x33b655be1e99de95:0x314adfe0f19d76c5!8m2!3d11.1448032!4d119.3944573!16s%2Fg%2F11cjnnw9wh!19sChIJld6ZHr5VtjMRxXad8eDfSjE?authuser=0&hl=en&rclk=1
Zalupa beach,Beach Bar,"An offbeat beach bar where flip-flops, cold drinks, and zero pretense are the dress code.",3.9,(9),,,https://www.instagram.com/zalupa/,,,,,https://lh3.googleusercontent.com/gps-cs-s/APNQkAH6LetQ6PJvyxyaSflBWSqW8_eNKVVM4nonYMwlJC_B6rUChgd1OimF-0KorIDuo-JMfOm0V8Hllf0RaSxoQzWmwzkW51jNWNNezScCygbkL4tMU_4OjUhpxs2vnyNudWG9ZTXDKqpEHGbd=s1600,Bar,11.168151,119.3957069,https://www.google.com/maps/place/Zalupa+beach/data=!4m7!3m6!1s0x33b655006de4131b:0x288aa008980ad2a2!8m2!3d11.168151!4d119.3957069!16s%2Fg%2F11ldwql0gr!19sChIJGxPkbQBVtjMRotIKmAigiig?authuser=0&hl=en&rclk=1
Discover El Nido Paintball,Paintball Center,"Tropical paintball battles in the jungle - gear up, team up, and bring out your inner action movie hero.",4.1,(9),977 478 2484,https://wa.me/9774782484,https://www.instagram.com/discoverelnido/,,Paintball center,0977 478 2484,,https://lh3.googleusercontent.com/gps-cs-s/APNQkAGkbe3mk4RyfpA69p-410wO42GR6KOLb-WZT90ubuBezAa2ohDZi7Qlc939hYTuFStuwFkVGI1lefqm16YncV67K6dLd13W2TWXacVH3QXInl3yhcNyZnPAKQ3e_PpHiFkAR33Vtg=s1600,,11.299591,119.428529,https://www.google.com/maps/place/Discover+El+Nido+Paintball/data=!4m7!3m6!1s0x33b70767f6b6fcc3:0xa560a498d3c474ba!8m2!3d11.299591!4d119.428529!16s%2Fg%2F11c0xp2xhd!19sChIJw_y29mcHtzMRunTE05ikYKU?authuser=0&hl=en&rclk=1
Outpost Sunset Bar & Restaurant,Beach Bar & Restaurant,"Beachfront sundowners, woodfire pizzas, and that postcard sunset - the Outpost crowd at its laid-back best.",4.8,(50),969 241 4223,https://wa.me/9692414223,https://www.instagram.com/outposthostels/,https://www.facebook.com/outposthostels/,Restaurant,0969 241 4223,https://outposthostels.com/,https://lh3.googleusercontent.com/gps-cs-s/APNQkAHhuSAmLma2ZD_mmJTHnSMWDMZKlKgi16byPFfX1brUW8vI7JQbpiecxeZKYQH3u3UpqY1CmNqKB9NlVW5RTawj_T1FY75jJj1WkqscRpMmhuQJXofbTgPhZOLNZPwmk1mNapmLgMqS96p8=s1600,"Restaurant, Bar",11.1576176,119.3978823,https://www.google.com/maps/place/Outpost+Sunset+Bar+%26+Restaurant/data=!4m7!3m6!1s0x33b6553f6de6cae5:0x8437fc99935fd8d6!8m2!3d11.1576176!4d119.3978823!16s%2Fg%2F11zktz60b9!19sChIJ5crmbT9VtjMR1thfk5n8N4Q?authuser=0&hl=en&rclk=1
Tao Philippines,Tour Operator / Expedition,Legendary multi-day boat expeditions between El Nido and Coron - sleep on remote islands and live the slow-travel dream.,4.8,(437),908 890 8033,https://wa.me/9088908033,https://www.instagram.com/taoexperience/,,Tour operator,0908 890 8033,https://www.taophilippines.com/,https://lh3.googleusercontent.com/gps-cs-s/APNQkAEMUzUSwv5NWEl6kfg-hCijn0S9e3kFimPu2nU9DoKiHBV2Zr6qiFb-nkTC8xVuzzdimGIVnjqh2gj1TfQZ6Np5_yY0BXaqOfT700qFO4A3uv1oMUxpwRmnrLSKdz7O5yAM-aIhHEzuYak=s1600,,11.1650348,119.3985356,https://www.google.com/maps/place/Tao+Philippines/data=!4m7!3m6!1s0x33b6550dbe8456d3:0x32cb8bf87484a1d7!8m2!3d11.1650348!4d119.3985356!16s%2Fg%2F11rb4jj7j6!19sChIJ01aEvg1VtjMR16GEdPiLyzI?authuser=0&hl=en&rclk=1
Palawan Divers,Diving Center,A long-running PADI dive shop with seasoned instructors and access to Bacuit Bay's healthiest reefs and walls.,4.9,(719),917 774 3210,https://wa.me/9177743210,https://www.instagram.com/palawandivers/,,Diving center,0917 774 3210,https://www.palawan-divers.org/,https://lh3.googleusercontent.com/gps-cs-s/APNQkAHEKjKN1T_OLWdtXmdJwymwT2fKhfgtAXGyXYaqrQvx-OJpQb5ccfr6GR9QNSczD_Snv9S7NWksCEfDBmP9iHjT20-FUdeqwwKpxutvfu9504Nox2DS3hv_5BV0qfTPAHIG5pzD6g=s1600,Bar,11.1826046,119.3924247,https://www.google.com/maps/place/Palawan+Divers/data=!4m7!3m6!1s0x33b6553fc9a91f6d:0x1f2d7314dfb2b811!8m2!3d11.1826046!4d119.3924247!16s%2Fg%2F1yf4rf1ts!19sChIJbR-pyT9VtjMREbiy3xRzLR8?authuser=0&hl=en&rclk=1
Nativ Exploration Palawan,Cruise Agency,Tailor-made private cruises through Palawan's wildest seascapes - bespoke island days for those who want it just-so.,4.6,(153),981 074 6701,https://wa.me/9810746701,https://www.instagram.com/nativ_exploration_palawan/,,Cruise agency,0981 074 6701,http://www.nativexploration.com/,https://lh3.googleusercontent.com/gps-cs-s/APNQkAGczLS06GVtOj4vA5m2gtHRPOk5XqMJFk5KBnzZgQ3FQ2kw3VDj24uNjKlqJ-3c-zfpcIf2d1GSUcG7e0gfNMZwymSOqgX9EjOdBePNqlJYmXAg-1e11Hp0X6hk0BrqINQB7a5d=s1600,,11.1760855,119.3914911,https://www.google.com/maps/place/Nativ%27+Exploration+Palawan/data=!4m7!3m6!1s0x33b6559e530b60bf:0x1029bfb5a7d258e7!8m2!3d11.1760855!4d119.3914911!16s%2Fg%2F11cs0rd85q!19sChIJv2ALU55VtjMR51jSp7W_KRA?authuser=0&hl=en&rclk=1
Go Paradise Travel and Tours (El Nido),Travel Agency,"A full-service travel desk handling tours, transfers, and trip logistics so you can focus on the fun part.",4.4,(176),,,,,,,http://www.goparadise.org/,https://lh3.googleusercontent.com/gps-cs-s/APNQkAFabXfSpDXHEiCv129RJZyWEiA3UDSJ9YbUM5ZtALolRuqxs5lyGfJoIV3Gv89E3TwGXk4zXs6Y1BNlTff66_hZ-C2hafhkmRyOMmJHmlY3b95o1xWArRS9729Nq3v2wxUb8tQH=s1600,,11.1799144,119.3896229,https://www.google.com/maps/place/Go+Paradise+Travel+and+Tours+%28El+Nido%29/data=!4m7!3m6!1s0x33b65515d17322cd:0x4a6853fbf9df2e73!8m2!3d11.1799144!4d119.3896229!16s%2Fg%2F11cn7btymm!19sChIJzSJz0RVVtjMRcy7f-ftTaEo?authuser=0&hl=en&rclk=1
200 Bar Diving Center,Diving Center,"A diver-first shop with seriously rated guides, attentive briefings, and dive sites you'll be telling friends about for years.",5.0,"(1,563)",966 366 9873,https://wa.me/9663669873,https://www.instagram.com/200bar_diving_center/,https://www.facebook.com/200BarDivingCenter,Diving center,,https://200bardivingcenterelnido.com/,https://lh3.googleusercontent.com/gps-cs-s/APNQkAFLj4CncY_hxHjg9HbWvLNJODssFnBi6iMBTtOFbmqBstTJD2RrPv6TJpnvYwBKTSiOc2a9kU_NED4Gv5qUActHo4Nj2XKbjRfDE7f8wuaX-H5wFRtpku3ni-tmNML_YSdS6rDMjCag2QLI=s1600,Bar,11.181427,119.3915516,https://www.google.com/maps/place/200+Bar+Diving+Center/data=!4m7!3m6!1s0x33b6557c2ec8486d:0x6d0c13d6677a0ecc!8m2!3d11.181427!4d119.3915516!16s%2Fg%2F11trlrxqx_!19sChIJbUjILnxVtjMRzA56Z9YTDG0?authuser=0&hl=en&rclk=1
El Nido Adventure Scuba Dive Center,Dive Shop,"Small-group scuba adventures from beginner discovery dives to advanced cert courses - personal, safe, and stoke-filled.",5.0,(86),995 303 7583,https://wa.me/9953037583,https://www.instagram.com/elnidoadventurescubaa/,,Dive shop,0995 303 7583,,https://lh3.googleusercontent.com/gps-cs-s/APNQkAG99ZgOxlaG0M8D8Uxd38QidmPCgsXh9B9qDsd70LsQHsq3ARh8kDnsPOYvIoy9ASfOziAlHYxmxP68s3FE6VZCHl02Cik2FMNyfkkJ-pz-2NiVR0Rf9-RMi3cBz8fexqeCVhLB2g=s1600,,11.1764651,119.3912882,https://www.google.com/maps/place/El+Nido+Adventure+Scuba+Dive+Center/data=!4m7!3m6!1s0x33b6551668873fb7:0x2d0b569ada644f8d!8m2!3d11.1764651!4d119.3912882!16s%2Fg%2F11g_7bcv5!19sChIJtz-HaBZVtjMRjU9k2ppWCy0?authuser=0&hl=en&rclk=1
Seaborn - El Nido Freediving School,Freediving School,"Hold your breath, drop into the blue, and learn freediving with patient, world-class instructors.",4.9,(89),916 685 9606,https://wa.me/9166859606,https://www.instagram.com/elnidofreediving/,,Swimming school,0916 685 9606,http://www.elnidofreediving.com/,https://lh3.googleusercontent.com/gps-cs-s/APNQkAGjjFFbxm6sx5FQL-87kGja13IqwYHTRqdADaAk_ae46ZhA6pzpLWIS1pFTLUcz-37OrWc42Bp4J9nEjaSEWzjkjIW3G2Ykg7yMl_Vagv593Q_RHz7_HIoG7p6vJhlUyl_N18tn=s1600,Bar,11.1798386,119.3848295,https://www.google.com/maps/place/Seaborn+-+El+Nido+Freediving+School/data=!4m7!3m6!1s0x33b65521c909422d:0xd4ce9c965b0af98f!8m2!3d11.1798386!4d119.3848295!16s%2Fg%2F11tjwyw2h6!19sChIJLUIJySFVtjMRj_kKW5acztQ?authuser=0&hl=en&rclk=1
Aquanaut Dive Center,Diving Center,"An award-magnet dive shop known for warm vibes, sharp safety standards, and reef tours that hit every highlight.",4.8,(270),965 154 7804,https://wa.me/9651547804,https://www.instagram.com/aquanautelnido/,https://www.facebook.com/Aquanautelnido,Diving center,0965 154 7804,http://www.aquanautelnido.com/,https://lh3.googleusercontent.com/gps-cs-s/APNQkAHH0Ngjtqe3MHXhgTPs_sTUOaAHV9mIr6som0LzQoyxd71QSWlUe5Pq-6dNKikBBBec7y82PTezeiXHjSCruWCSzyybG7SuL6ScreLHjJE7JuIDEkPd34EYv9zBWCxvvXkcioAS=s1600,Bar,11.181535,119.39144,https://www.google.com/maps/place/Aquanaut+Dive+Center/data=!4m7!3m6!1s0x33b65515874cef91:0x3b8d632092bd87b3!8m2!3d11.181535!4d119.39144!16s%2Fg%2F11b6j87021!19sChIJke9MhxVVtjMRs4e9kiBjjTs?authuser=0&hl=en&rclk=1
Palawena Travel and Tours & Wellness Spa,Travel Agency & Wellness Spa,"Travel planning meets post-tour TLC - book the adventure, then unwind with a proper Filipino spa treatment.",4.9,(95),906 583 7929,https://wa.me/9065837929,https://www.instagram.com/palawantravel_tours/,http://www.facebook.com/iampalawena,Tour operator,5313 Taytay,http://www.facebook.com/iampalawena,https://lh3.googleusercontent.com/gps-cs-s/APNQkAHK47Z6qVvE_Nmy61G1bvgPZw6wRMe_192ONVh_lx2EBYE-vo-lgx4EeEY8u9UJUFIS61oOyjp8edTohOJbVSe5SOQaAoz3fnyGD2Ti_FhPnz7YvhOZRa6-l0oDbqVxWKjktbeC=s1600,Spa,11.1624292,119.3975599,https://www.google.com/maps/place/Palawena+Travel+and+Tours/data=!4m7!3m6!1s0x33b655e3c0d931cd:0x91fe4eaf77859b95!8m2!3d11.1624292!4d119.3975599!16s%2Fg%2F11qb3zpc6b!19sChIJzTHZwONVtjMRlZuFd69O_pE?authuser=0&hl=en&rclk=1
Sip Sunset Lounge & Bar,Cocktail Bar / Sunset Lounge,An elevated cocktail lounge with sweeping bay views - the grown-up way to do El Nido sunset.,4.8,"(2,212)",960 684 9112,https://wa.me/9606849112,https://www.instagram.com/sip_sunset_lounge_elnido/,,Cocktail bar,0960 684 9112,https://www.instagram.com/sip_sunset_lounge_elnido/,https://lh3.googleusercontent.com/gps-cs-s/APNQkAEbWBFS-CTyhvguo_npWJ1u9WvK_dPJS71t-xNoRdleB4QjD6tBBLTDCKqAr5VjMlJYvUeUqYzBCieZj2_0Ob4S5e_0ILpGIoYhabnlKfrKcfswSmUlcNt2cbz5wVEOTv2lDC94=s1600,Bar,11.1676379,119.3963299,https://www.google.com/maps/place/Sip+Sunset+Lounge+%26+Bar/data=!4m7!3m6!1s0x33b655b2a40e8ae7:0x2339c0dd72681047!8m2!3d11.1676379!4d119.3963299!16s%2Fg%2F11scfm64y5!19sChIJ54oOpLJVtjMRRxBoct3AOSM?authuser=0&hl=en&rclk=1
Namaste El Nido,Yoga & Massage Spa,"Drop-in yoga, deep-tissue massage, and a serenity garden that pulls you right out of travel mode.",4.9,(200),998 160 4700,https://wa.me/9981604700,https://www.instagram.com/namasteelnido/,https://www.facebook.com/namasteelnido,Massage spa,0998 160 4700,https://www.facebook.com/namasteelnido,https://lh3.googleusercontent.com/gps-cs-s/APNQkAFrBTCDBPz8PUoGzFBbG9dye1UGh_PKNA5E28lGbbaJI8Iy9UO4VTr8W6AgJCi_IlSmNn9IWD-97noogjANq9gMH8QmILe6I2y6fFygZoLP-Vjv_H__a8QlQTmo4HRnGBRJkuLE=s1600,Spa,11.1632586,119.3982548,https://www.google.com/maps/place/Namaste+El+Nido/data=!4m7!3m6!1s0x33b655880c29440f:0x32711f4e512be518!8m2!3d11.1632586!4d119.3982548!16s%2Fg%2F11s1b3446h!19sChIJD0QpDIhVtjMRGOUrUU4fcTI?authuser=0&hl=en&rclk=1
Entalula Beach,Beach / Island Stop,A picture-perfect crescent of white sand inside Bacuit Bay - a classic Tour A snorkel-and-lunch favorite.,4.7,(192),,,,,,,,https://lh3.googleusercontent.com/gps-cs-s/APNQkAHSKmUIYDKzz1QEH-4sMbSGCkPxmdwhw_fEKToEGWdbcrFoy09XgBqSrlEsPmeuEI8aO5vdfEUYFgJ9PI-fPA6eF75yu6xBCGIjdSCxgikNSwYZIqAmwg2aeoP-yhHPv1f5I1EXog=s1600,,11.1285761,119.3356429,https://www.google.com/maps/place/Entalula+Beach/data=!4m7!3m6!1s0x33b65402c4b8e51b:0xa7edb293a175b75!8m2!3d11.1285761!4d119.3356429!16s%2Fg%2F11bzt26wtx!19sChIJG-W4xAJUtjMRdVsXOinbfgo?authuser=0&hl=en&rclk=1
Hieroglyph Fitness El Nido,Gym / CrossFit,"Drop in for CrossFit and strength work on a tropical island - vacation cardio, but make it serious.",4.8,(741),968 860 8503,https://wa.me/9688608503,http://instagram.com/crossfithieroglyph,https://facebook.com/crossfithieroglyph,Gym,0968 860 8503,http://www.hieroglyphfitness.com/,https://lh3.googleusercontent.com/gps-cs-s/APNQkAHFSOnDuLYt6ShEJnYO58K9RXcJzeepzK25D5JemOqmaEIh9tpcHrg-DbBu_P5nkzJaxrs0EFlLEhTYoWKNuwyMN1owPmNRhHr1rg_w3-5kk4eJ87jx1iEFKIZO4dED_-lYpFM=s1600,Gym,11.1470151,119.3986852,https://www.google.com/maps/place/Hieroglyph+Fitness+El+Nido/data=!4m7!3m6!1s0x33b6558a8ac80155:0x2af61e8204cc0b3e!8m2!3d11.1470151!4d119.3986852!16s%2Fg%2F11q935wkr3!19sChIJVQHIiopVtjMRPgvMBIIe9io?authuser=0&hl=en&rclk=1
Club Paradise Divers El Nido,Diving Center,A polished dive operation running small group dives and full PADI courses for every level.,5.0,(14),921 571 4943,https://wa.me/9215714943,https://www.instagram.com/clubparadisedivers.elnido/,,Diving center,0921 571 4943,https://www.clubparadisedivers.com/,https://lh3.googleusercontent.com/gps-cs-s/APNQkAFuE-SAGgMbZtUk3_OKCsdO4lmSnxo7PlyrXa6tQNYnEjz1YyAgw5uafH7bTfVUb4UBkRy7unNwjbVgNf_Nkm_rEXhW2oHHKD-4xjUkO1qLtREdJLgohuPFKJrpqMvpPwESBgZAz4Ce9t2Y=s1600,,11.1469997,119.3969443,https://www.google.com/maps/place/Club+Paradise+Divers+El+Nido/data=!4m7!3m6!1s0x33b6552919781421:0x4be5614e25449565!8m2!3d11.1469997!4d119.3969443!16s%2Fg%2F11xzyb4bt5!19sChIJIRR4GSlVtjMRZZVEJU5h5Us?authuser=0&hl=en&rclk=1
Apetours travel and tours,Tour Operator,"Friendly all-in-one tour outfit covering El Nido, Coron, and everything between - book once, relax for the rest.",4.7,(198),998 272 8957,https://wa.me/9982728957,https://www.instagram.com/apetours.ph/,https://www.facebook.com/apetours.ph,Tour operator,0998 272 8957,http://www.apetours.ph/,https://lh3.googleusercontent.com/gps-cs-s/APNQkAGAf96yasS5tlg7YnkO7SXM5MLdwnsDcl4qShb9jHavxMkoPxVBEHFQbcxjTX-5CvG4kzF7WWdaIzCVk_Ngd-5wCz6t7i8NiAtD7cD-X_icWB4vg0g1tfoPYw3iZYAYF_h12gla4A=s1600,,11.1783424,119.3909581,https://www.google.com/maps/place/Apetours+travel+and+tours+%28El+Nido+and+Coron+tours%29/data=!4m7!3m6!1s0x33b6558c46a3bf1b:0x55ff0a218ae6f680!8m2!3d11.1783424!4d119.3909581!16s%2Fg%2F11fd7zlnkm!19sChIJG7-jRoxVtjMRgPbmiiEK_1U?authuser=0&hl=en&rclk=1
Turtle Divers,Diving Center,"Local-run dive shop loved for personalized briefings, small boats, and a real focus on reef-friendly diving.",4.9,(182),909 654 0829,https://wa.me/9096540829,http://instagram.com/turtledivers_elnido,https://www.facebook.com/turtlediverselnido,Diving center,0909 654 0829,http://www.turtle-divers.com/,https://lh3.googleusercontent.com/gps-cs-s/APNQkAGo_fBmkb77xpeUOFLEeI0NgNTMpukbRXeAVZ28Yo_fdw9frQnMksXz1QwJawRlgxe2w2VV8zcX_zvWeAIBM7mBZLWue9VeFVrWQFneLJC34W2sR330dM5o1lMoS_mpFeUXeY6OWA=s1600,,11.1801054,119.3876267,https://www.google.com/maps/place/Turtle+Divers/data=!4m7!3m6!1s0x33b6551668a4a579:0x85ec9ed9d552fd9f!8m2!3d11.1801054!4d119.3876267!16s%2Fg%2F11c2r6vfg8!19sChIJeaWkaBZVtjMRn_1S1dme7IU?authuser=0&hl=en&rclk=1
Bellitta Tours,Travel Agency,"A reliable on-the-ground travel desk for island hopping, transfers, and last-minute trip fixes.",4.6,(99),929 873 0283,https://wa.me/9298730283,https://www.instagram.com/bellittatours/,,Travel agency,0929 873 0283,,https://lh3.googleusercontent.com/gps-cs-s/APNQkAFlrY3MjH3l77BqKJxWncuErYFfoLp2d-BvVFgUfno6uY_IxP9fCceXOyDf2ZJ32OalTZ6fvpVI2kyaf7XgheNyTj8LAIOlacWjBS6-0b1XcO7oq4Z30dFfwlpXgsfBwWuzd6x_eA=s1600,,11.1778758,119.390337,https://www.google.com/maps/place/Bellitta+Tours/data=!4m7!3m6!1s0x33b6550d2641594d:0x637be1ccbb8c5578!8m2!3d11.1778758!4d119.390337!16s%2Fg%2F11fj8h9rry!19sChIJTVlBJg1VtjMReFWMu8zhe2M?authuser=0&hl=en&rclk=1
RMM KAYAK and Motor Rental,Kayak & Motorbike Rental,"One-stop rental shop for kayaks and motorbikes - explore by sea in the morning, by road in the afternoon.",5.0,(2),917 596 0121,https://wa.me/9175960121,,,Canoe & kayak rental service,0917 596 0121,,https://lh3.googleusercontent.com/gps-cs-s/APNQkAGcTLsynx1VNpL8tOjSLI9Hma5BDjARbOpUSk9YKqHfgMbSDRJbg7KfCKkvsuhs5CyI1IJCKJCqCRk9Cmq3w7Zhub3IrUqIY2Z0-czNzn1b4aBp88zssmsg9JX9SWVm7grVOrY=s1600,,11.168547,119.3955272,https://www.google.com/maps/place/RMM+KAYAK+and+Motor+Rental/data=!4m7!3m6!1s0x33b6556998da4b9d:0x3f0374599fdb5c2!8m2!3d11.168547!4d119.3955272!16s%2Fg%2F11wtbt6qrr!19sChIJnUvamGlVtjMRwrX9mUU38AM?authuser=0&hl=en&rclk=1
Neighbors and Nomads Coworking,Coworking Space / Beach Bar,"Laptops by day, sundowners by night - a coworking-meets-beach-bar hybrid built for digital nomads in paradise.",4.7,(14),956 566 7472,https://wa.me/9565667472,https://www.instagram.com/neighborsandnomads.elnido/,https://www.facebook.com/profile.php?id=61560475168628,Coworking space,5 Lio Beach,https://www.neighborsandnomads.com/,https://lh3.googleusercontent.com/gps-cs-s/APNQkAET6Td5nmT-X3i1zf3SrFr7BXidfPQpiap7PMD4qJHsVaFcOPlMMUQ-Gvf-ICqyWhJGzokM4DxlDTjM9EGOyqMoxyG17Vp6ItImcTpXZDxp0DLFvmn2Z9TneHB-YMMX9Rz7ObwRoMLjJyeN=s1600,"Restaurant, Bar",11.2077768,119.4164508,https://www.google.com/maps/place/Neighbors+and+Nomads+Coworking+@+Bearcat+Travel+Lounge+%26+Beach+Bar/data=!4m7!3m6!1s0x33b7ab13c4a3c8c9:0x25d678aec02dd2ae!8m2!3d11.2077768!4d119.4164508!16s%2Fg%2F11x5k3wndf!19sChIJycijxBOrtzMRrtItwK541iU?authuser=0&hl=en&rclk=1
Bar 147 by SPIN,Bar / Restaurant,"The buzzing hostel-bar everyone ends up at - pool, drinks, and instant friends from every corner of the world.",4.8,(268),917 625 7846,https://wa.me/9176257846,https://www.instagram.com/spinhostelph/,https://www.facebook.com/spinhostel/,Bar,4,https://spinhostel.com/,https://lh3.googleusercontent.com/gps-cs-s/APNQkAGC4-8CNf0qfLu7-DeuedNUCn2ReNcAWqLmADKyZaC9W3Py2X8Z0d_9JoI2iNWLO3dNGED52eAUjHyjxDSyFPKhgIgfX6m4bfdDKqAtrG7d6-TGPmTRbeRLOK_G4Zx-flYxI0UGXA=s1600,"Pool, Restaurant, Bar",11.1802134,119.3927695,https://www.google.com/maps/place/Bar+147+by+SPIN/data=!4m7!3m6!1s0x33b655ff62f351a9:0x4b5bb3707dc2d60f!8m2!3d11.1802134!4d119.3927695!16s%2Fg%2F11wfj8nnz6!19sChIJqVHzYv9VtjMRD9bCfXCzW0s?authuser=0&hl=en&rclk=1
Poseidon Tours and Expeditions,Tour Operator,Big-day-out boat tours and multi-day expeditions led by a crew that genuinely loves showing off their bay.,4.6,(60),969 453 5480,https://wa.me/9694535480,https://www.instagram.com/poseidonelnido/,https://www.facebook.com/poseidonelnido,Tour operator,0969 453 5480,http://www.poseidonelnido.com/,https://lh3.googleusercontent.com/gps-cs-s/APNQkAFJ7zWvCL8Aut446vj8ZISYth9tz9tGhDUOGFrUW9Xqe824E3FX78kmUHctrnsu5blz6e4IbnQj_AtsC1ewozvW3qell-EkquL5kqNn_XZShAzeQ54iwvSgiBuqY_ZsOkZHA54doQ=s1600,,11.163322,119.3978119,https://www.google.com/maps/place/Poseidon+Tours+and+Expeditions/data=!4m7!3m6!1s0x33b655cb5ee6e5a1:0x480bb696f12d6f1a!8m2!3d11.163322!4d119.3978119!16s%2Fg%2F11trp85h5d!19sChIJoeXmXstVtjMRGm8t8Za2C0g?authuser=0&hl=en&rclk=1
Deep Blue Dive Seafari,Diving Center,Liveaboard-style dive trips and day diving with experienced guides who know every coral pinnacle by name.,4.9,(178),961 081 0207,https://wa.me/9610810207,https://www.instagram.com/deepbluediveseafari/,https://www.facebook.com/elnidophilippines/,Diving center,0961 081 0207,http://www.deepbluediveseafari.com/,https://lh3.googleusercontent.com/gps-cs-s/APNQkAHc5aD2gygQ5nqlYPm_Jb98qFqvdwQXaujEM7SMdt95z6AYo79vEWbxWbCP24HAHQBEuyfjAnQvstiBxSgLy-fjLqKlM3u1A-c_rO8LIiTqSJ_174HCxDy4jm6eZtUkO4k0OK-sGg=s1600,,11.1801802,119.3884548,https://www.google.com/maps/place/Deep+Blue+Dive+Seafari/data=!4m7!3m6!1s0x33b65515828e7331:0x432d824720505c38!8m2!3d11.1801802!4d119.3884548!16s%2Fg%2F11h1d9l8q!19sChIJMXOOghVVtjMROFxQIEeCLUM?authuser=0&hl=en&rclk=1
Soledad de Amor,Event Venue / Garden,"A garden-set venue tucked off Rizal Street - pretty, peaceful, and great for celebrations or quiet evenings.",4.6,(293),915 391 2367,https://wa.me/9153912367,,,Corporate office,0915 391 2367,,https://lh3.googleusercontent.com/gps-cs-s/APNQkAG6U2_Xp5HpH5vJco9bguqICgOmnsaCpE8GYrTEtWbuIcsjXp6xWtbTH0wMREzsyb5a6rq2vV-J8mpbpPiue0wDQ4ilCO7t4QBxCrVvlUszciQEyUB80vRIiPn1R-DdvImiNA=s1600,Garden,11.1780059,119.3902127,https://www.google.com/maps/place/Soledad+de+Amor/data=!4m7!3m6!1s0x33b655d65638bbe5:0xb6ff68a15f404dc2!8m2!3d11.1780059!4d119.3902127!16s%2Fg%2F11h10fcl9l!19sChIJ5bs4VtZVtjMRwk1AX6Fo_7Y?authuser=0&hl=en&rclk=1
Senorita Travels,Tour Operator,A polished tour shop that handles every detail of your El Nido itinerary with a personal touch.,4.8,(99),995 303 7583,https://wa.me/9953037583,https://www.instagram.com/senorita.travelss/,https://www.facebook.com/p/Se,Tour operator,0995 303 7583,https://senoritatravels.rezio.shop/en-US,https://lh3.googleusercontent.com/gps-cs-s/APNQkAG3MWqZ_0OJZODGGBwvi_zdU8_NZPC5Dk_FWdmfO_8YEn0U1Hg5rP4xnf9W2cRQjTxEdoRM1xLkrIpbiiI6n6uBoesWRgC6lbIYX5gmWbiDm5v6D4vWRnPqY6ISI7nE0TVULOtX=s1600,,11.1757913,119.3912996,https://www.google.com/maps/place/Se%C3%B1orita+Travels/data=!4m7!3m6!1s0x33b65586328db84f:0x473c8747b62641c8!8m2!3d11.1757913!4d119.3912996!16s%2Fg%2F11jz4cvvjx!19sChIJT7iNMoZVtjMRyEEmtkeHPEc?authuser=0&hl=en&rclk=1
Lazy Hammock Cafe,Cafe,"Vanilla Beach's cozy little hangout for great coffee, easy bites, and yes - actual hammocks.",4.6,(259),998 467 6300,https://wa.me/9984676300,https://www.instagram.com/lazyhammockcafe/,,Cafe,22 Vanilla Beach,,https://lh3.googleusercontent.com/gps-cs-s/APNQkAEDGolhmBYF_ViwWMFVVmI-wLBo698lPhk30WsuvaDcSrtPlFLLJklpXvIchcVO7jHuPedoeh41VEc0SDOLnGYxtgiqbFOVLYKunq03URoOfZhxemgzTKzpqHZxDWE88kKHJKqVehQMob0=s1600,Restaurant,11.1467019,119.3983249,https://www.google.com/maps/place/Lazy+Hammock+Cafe/data=!4m7!3m6!1s0x33b655d63021d539:0x7682bd0e8afd058d!8m2!3d11.1467019!4d119.3983249!16s%2Fg%2F11fs8r2lqn!19sChIJOdUhMNZVtjMRjQX9ig69gnY?authuser=0&hl=en&rclk=1
The Funny Lion - El Nido,4-Star Hotel,"A playful, design-forward 4-star with rooftop pool views over El Nido town - boutique comfort with character.",4.7,(674),0289319999,https://wa.me/0289319999,https://www.instagram.com/thefunnylioncoron/,,4-star hotel,8931 9999,https://thefunnylion.com/el-nido-home,https://lh3.googleusercontent.com/gps-proxy/ALd4DhF4LXqJEgeJm4UwTyOjTLc1EuSdW9x58iD1QDIIhXBege0LSw915EjtqYm9o5v79PTC3EwP0o8q6URwOM6sx3GuD4aVmtQsNUIaX8eiglKvs5kDxwqzxwiRlUgpHy5Rg3UcACIdtStnFvADtXddI3zwVXDhhxEZQuaNmlIWPJBUWQXhWdkIvUs=s1600,"Free Wi-Fi, Free breakfast, Pool, Bar",11.1829821,119.3932366,https://www.google.com/maps/place/The+Funny+Lion+-+El+Nido/data=!4m7!3m6!1s0x33b65543a5513bc5:0x9eb518f321e6d0db!8m2!3d11.1829821!4d119.3932366!16s%2Fg%2F11thfr809l!19sChIJxTtRpUNVtjMR29DmIfMYtZ4?authuser=0&hl=en&rclk=1
Yoga Retreats El Nido,Yoga Studio,"Sky-deck yoga sessions and full retreats with sweeping bay views - flow, breathe, repeat.",5.0,(46),995 253 0391,https://wa.me/9952530391,https://www.instagram.com/yogaretreatselnido/,,Yoga studio,0995 253 0391,https://instagram.com/yogaretreatselnido,https://lh3.googleusercontent.com/gps-cs-s/APNQkAGrghXsvESJXTvq4UEyHIapJBtu6-L5qquSkOUfiNzoc_zKX4dTT_cFxo0A1ys9NBZuQYdEkpM1Ay-AW3zulyCvOgI4BIbA9JEHa_mJQbpGiyUpUMvfG-PQKmMK8QiOEes9NFGzTxa2op95=s1600,Pool,11.1556973,119.3985663,https://www.google.com/maps/place/Yoga+Retreats+El+Nido/data=!4m7!3m6!1s0x33b6550024dec291:0x1bf22797d3613273!8m2!3d11.1556973!4d119.3985663!16s%2Fg%2F11yrt887q_!19sChIJkcLeJABVtjMRczJh05cn8hs?authuser=0&hl=en&rclk=1
We Are Juan,Travel Agency,"Modern boutique travel outfit blending island tours, transfers, and spa-style downtime - Filipino hospitality, polished.",4.6,(212),995 662 5400,https://wa.me/9956625400,https://www.instagram.com/wearejuan_elnido/,https://www.facebook.com/wearejuanelnido,Travel agency,0995 662 5400,https://www.wearejuanexpedition.com/,https://lh3.googleusercontent.com/gps-cs-s/APNQkAHR6soXVoHkzdhUBdczc1w7GtzPKS2apk32iRl_UEO8G9JJ3fOT9dq-CJs8FzWMVj-Cqpvmki_7Id5viAXb2vJVg2R_WndR5S0nOXy9HaMwtMzXiDYsGNtIJtwXR8KMfyVjPV-fYQYRhn4=s1600,Spa,11.1633471,119.3983774,https://www.google.com/maps/place/We+Are+Juan/data=!4m7!3m6!1s0x33b6550dd915ebdf:0x5fce939fd6abc762!8m2!3d11.1633471!4d119.3983774!16s%2Fg%2F11ln_tzg56!19sChIJ3-sV2Q1VtjMRYser1p-Tzl8?authuser=0&hl=en&rclk=1
Seven Commandos Beach,Beach / Island Stop,A wide white sand beach with beach bars and swing chairs - a classic Tour A lunch stop or kayak day-trip.,4.6,(713),,,,,,,,https://lh3.googleusercontent.com/gps-cs-s/APNQkAFSWnRP82UkL0XKlBgZZmbQ426BoM7raIuO-uSztTXmEs5YqDsrIctT4zajBlzldGEVu0_RaYKhGO8rrWatFqHzDgPrtQmZ0Kc70Zii1cloz5LMAkevMTdE9LK6MDkSRYwHZ7H5=s1600,Bar,11.1736705,119.378839,https://www.google.com/maps/place/Seven+Commandos+Beach/data=!4m7!3m6!1s0x33b6551b3bdc81c5:0xdde9914172e7c5f9!8m2!3d11.1736705!4d119.378839!16s%2Fg%2F12vt5gfcf!19sChIJxYHcOxtVtjMR-cXnckGR6d0?authuser=0&hl=en&rclk=1
El Nido Resorts - Miniloc Island,5-Star Island Resort,"An iconic eco-luxury island resort tucked inside Bacuit Bay - house reef, water cottages, true bucket-list stay.",4.9,(165),,,https://www.instagram.com/elnidoresorts/,,,,,https://lh3.googleusercontent.com/gps-cs-s/APNQkAGKXh9i8Kh8t5VIBl5Uo7t0favSt2J_oAkrMDHfKRoB17iWcE_w0cvIyDPB9f1-35OwWHo_xqp-ktJazz8O-_QXH02IgFganUGuDhv9GekGFjmbn1WhWmjQHj3nWEnpbybdyxGHNQ=s1600,,11.1494458,119.3201341,https://www.google.com/maps/place/El+Nido+Resorts+-+Miniloc+Island/data=!4m7!3m6!1s0x33b6538b4462afc3:0x27d62b6818064df2!8m2!3d11.1494458!4d119.3201341!16s%2Fg%2F1q628pnlp!19sChIJw69iRItTtjMR8k0GGGgr1ic?authuser=0&hl=en&rclk=1
Entalula Beach Club,Beach Club,"Private island beach club from El Nido Resorts - pristine sand, full service, and that exclusive-feel day-trip vibe.",4.5,(15),,,,,Public beach,,http://www.elnidoresorts.com/miniloc-island/,https://lh3.googleusercontent.com/gps-cs-s/APNQkAF7N5nTYlmvLUvNDMuFc1_1aTPKLpoEUQ4DJa_rGoSjyqZbahp2vUQWBGT84GTxiPhG2ZN3OALSqt8WU9m_z8CAIiNx4LOiGXJG43toQqKxMpQ-O-yjWtgVOmztK6OuxvSpqnuoVA=s1600,"Restaurant, Bar",11.1273588,119.3356957,https://www.google.com/maps/place/Entalula+Beach+Club/data=!4m7!3m6!1s0x33b655c8cc23934b:0x91cb12725ed97c30!8m2!3d11.1273588!4d119.3356957!16s%2Fg%2F11g0vypvy7!19sChIJS5MjzMhVtjMRMHzZXnISy5E?authuser=0&hl=en&rclk=1
Submariner Diving Center,Diving Center,"A diver favorite with stellar reviews, sharp guides, and a deep little dive bar that's a story in itself.",4.9,(882),962 259 3215,https://wa.me/9622593215,https://www.instagram.com/submarinerdivingcenter/,https://www.facebook.com/SubmarinerDivingCenter,Diving center,0962 259 3215,http://www.submarinerdiving.com/,https://lh3.googleusercontent.com/gps-cs-s/APNQkAFAeUxZZj8cDtMvCo75gQ3itnCBcWoAZA1Van-0qdD1uE0aw-wmFEsnTUsiEpdDTNEQpmYjez94QelwvhGEyJLBcfqGS6IV4vLgn-0Arh_JbGJ5u-_tlu23J4EHg_UJYM9M9XkW=s1600,"Bar, Garden",11.1811662,119.3909735,https://www.google.com/maps/place/Submariner+Diving+Center/data=!4m7!3m6!1s0x33b655158edb90f3:0x109fd8a311707bf2!8m2!3d11.1811662!4d119.3909735!16s%2Fg%2F1tsr0r2f!19sChIJ85DbjhVVtjMR8ntwEaPYnxA?authuser=0&hl=en&rclk=1
El Nido Yachting Club,Boat Tour Agency,"Yacht-style boat tours, sunset cruises, and private charters for those who want the bay in style.",4.5,(59),917 877 7869,https://wa.me/9178777869,https://www.instagram.com/elnidoyachtingclub/,,Boat tour agency,0917 877 7869,http://www.elnidoyachtingclub.com/,https://lh3.googleusercontent.com/gps-cs-s/APNQkAFUHhL7VI6AfaIxxn5fmZ5QwsHJmUslIpt8CULnwMz1mUdsFTtw-KAJdHVNozRyUmIlpG2N7FE5L3ns9rj32AT6-EW4u48wgydGl2fCF5cLvIR_Co26neLLBgJq74KBE_6LFjLr=s1600,,11.1803464,119.3894948,https://www.google.com/maps/place/El+Nido+Yachting+Club/data=!4m7!3m6!1s0x33b7abf42767146b:0x26dc8d0e6debae65!8m2!3d11.1803464!4d119.3894948!16s%2Fg%2F11h7n8vyl2!19sChIJaxRnJ_SrtzMRZa7rbQ6N3CY?authuser=0&hl=en&rclk=1
The Couch El Nido Travel and Tours,Travel Agency,"An easy, top-rated travel desk - they'll plan it, you'll show up, and everything just works.",5.0,(547),995 150 8411,https://wa.me/9951508411,https://www.instagram.com/thecouchelnidotaraw/,,Travel agency,0995 150 8411,,https://lh3.googleusercontent.com/gps-cs-s/APNQkAHuF2la9pskC6RiBY5_UxlvCUseMwnkQIl1fH69djSPXOHQg9F98ymneXHf1H5N3iI1DD80jks-y8D8SjqXlEELCbDDpKGYneVFln8IzitxB6d2AE3XvZxCD_Yx_6K0U0K6fRRNpE-zdYHd=s1600,,11.1723447,119.3943427,https://www.google.com/maps/place/The+Couch+El+Nido+Travel+and+Tours/data=!4m7!3m6!1s0x33b655006ff46b91:0x2b547fb1e52fc750!8m2!3d11.1723447!4d119.3943427!16s%2Fg%2F11w3j69msm!19sChIJkWv0bwBVtjMRUMcv5bF_VCs?authuser=0&hl=en&rclk=1
Miniloc El Nido,4-Star Island Resort,Serene island resort wrapped around a cove with its own dive center - quietly one of Palawan's most loved stays.,4.8,(907),917 584 1576,https://wa.me/9175841576,https://www.instagram.com/miniloc.elnido/,,4-star hotel,0917 584 1576,https://ayalalandhospitality.com/en/el-nido/hotels/miniloc-el-nido,https://lh3.googleusercontent.com/gps-cs-s/APNQkAHW-GixLe7GVTGAXO-fPGP978RXdXD5zxRJqZn_vBLo6P34mO-VlCL1oloCUMzFttkRid4-_jbrWIgsa2gJWG3h-5mJ2Wp2GuoLccRXuKYHy5YBEfKiKJfOH8vo0-rM9qbK8RY=s1600,"Free Wi-Fi, Pool, Spa, Beachfront",11.1495968,119.3202819,https://www.google.com/maps/place/Miniloc,+El+Nido/data=!4m7!3m6!1s0x33b653f3ec2db109:0xd923cf8ce87c686b!8m2!3d11.1495968!4d119.3202819!16s%2Fg%2F1tmy2lhj!19sChIJCbEt7PNTtjMRa2h86IzPI9k?authuser=0&hl=en&rclk=1
Amigos Hostel El Nido,Hostel,"Sociable budget hostel in the heart of town - easy to meet people, easy on the wallet.",4.4,(17),917 144 3799,https://wa.me/9171443799,,,Hostel,0917 144 3799,,https://lh3.googleusercontent.com/gps-cs-s/APNQkAGs83-pAKSeQDRfFdHhQT7L94JUQW2zwj2r4RxrZkx5kYy5cXbhV1z5yCLHOjoqmZzRY75R1LNbSmR4C1RhCfEeQMQ4m0d644jyGBnrxuUnfe2IBHrhKBoWM-m79PiCJuEuHOU8P3RKtIrz=s1600,,11.1784669,119.3907974,https://www.google.com/maps/place/Amigos+Hostel+El+Nido/data=!4m7!3m6!1s0x33b655bc098a44df:0x29b772e8ba5446e1!8m2!3d11.1784669!4d119.3907974!16s%2Fg%2F11n3py778c!19sChIJ30SKCbxVtjMR4UZUuuhytyk?authuser=0&hl=en&rclk=1
Yoga Spa and Wellness at Happiness El Nido,Wellness Center,"Yoga, massages, and pool-side recovery built into a beach resort - the antidote to a long tour day.",4.7,(25),919 595 8771,https://wa.me/9195958771,https://www.instagram.com/happinessphboracay/,,Wellness center,0919 595 8771,https://www.happinessphilippines.com/,,"Pool, Spa",11.1561366,119.3990217,https://www.google.com/maps/place/Yoga,+Spa+and+Wellness+at+Happiness+El+Nido/data=!4m7!3m6!1s0x33b65512bdf42365:0xdb77af268611d0d6!8m2!3d11.1561366!4d119.3990217!16s%2Fg%2F11vx3ym7zh!19sChIJZSP0vRJVtjMR1tARhiavd9s?authuser=0&hl=en&rclk=1
Tabanka Divers,Diving Center,"Beachfront dive shop next to Outpost - perfectly rated, super friendly, with dives for every skill level.",5.0,(297),905 225 3464,https://wa.me/9052253464,https://www.instagram.com/tabankadivers,https://www.facebook.com/TabankaDivers/,Diving center,0905 225 3464,https://www.tabanka-divers.com/,https://lh3.googleusercontent.com/gps-cs-s/APNQkAGmoEpC7-rMoKoVvSF-dfUKtEYaS_CImObn3-TjPyEShhZ5BBe7meG2YV8DzztksN8Cfkj2b0vlcBq__NFkdzCmMTY4Rng3xemDcRncW8P6_pGNPKwyJKeBtRSpJqNvt66tTd0ClA=s1600,Beachfront,11.1574883,119.3978846,https://www.google.com/maps/place/Tabanka+Divers/data=!4m7!3m6!1s0x33b65515ecfa8c4f:0x81bfce8f32dafeea!8m2!3d11.1574883!4d119.3978846!16s%2Fg%2F11b6_y59y9!19sChIJT4z67BVVtjMR6v7aMo_Ov4E?authuser=0&hl=en&rclk=1
The Range - Shooting Gallery,Shooting Range,An off-the-beaten-path shooting gallery for travelers craving something other than another snorkel day.,5.0,(8),966 366 7216,https://wa.me/9663667216,https://www.instagram.com/theshootingrangeaz/,,Shooting range,0966 366 7216,,https://lh3.googleusercontent.com/gps-cs-s/APNQkAFAoO5N7VfrSKPwzF_ZkN_BIIMSzzjD5NBzFnNwB5Y3YNJp1bqbXRxEai2LAucjNfGrW9iuOHi_jQKI4Jr2NZtiJdHjO4T8jg1KrRHlh-Ehcmz6QNGSiPCBya2WpUxWiYmJbgo0EQ=s1600,Bar,11.1807899,119.3903538,https://www.google.com/maps/place/The+Range+-+Shooting+Gallery/data=!4m7!3m6!1s0x33b655418dc27c33:0x5f07d8b7ad4f6ecb!8m2!3d11.1807899!4d119.3903538!16s%2Fg%2F11vq48xk_r!19sChIJM3zCjUFVtjMRy25PrbfYB18?authuser=0&hl=en&rclk=1
Marimegmeg Beach,Beach / Sunset Spot,Golden-sand beach lined with bars and a zipline - the prime spot for that iconic El Nido sunset.,4.5,(380),,,,,Beach,2 minutes,,https://lh3.googleusercontent.com/gps-cs-s/APNQkAHFk0GtbmkhbZlzkrJXLt3gc8FX_YbAjLAnVDlGaQ9gAeWlskRWjbiOXK3efSdoRChPgBBF_tOJAIaqUnInbOc9u72e3Gg_WXep15Z0MmG_iMTHjjnGS47CHV-A1jS6ecyJLjOf=s1600,,11.1467733,119.3967543,https://www.google.com/maps/place/Marimegmeg+Beach/data=!4m7!3m6!1s0x33b65596427bcf45:0xca21b0ca70f45a55!8m2!3d11.1467733!4d119.3967543!16s%2Fg%2F11bbt15xhl!19sChIJRc97QpZVtjMRVVr0cMqwIco?authuser=0&hl=en&rclk=1
Nes Expedition Travel & Tours Agency,Tour Operator,Local tour operator running solid island hopping plus custom land tours at fair prices.,4.6,(118),981 398 0443,https://wa.me/9813980443,https://www.instagram.com/nesexpedition,https://www.facebook.com/nesexpeditions,Tour operator,0981 398 0443,https://nesexpedition.com/,https://lh3.googleusercontent.com/gps-cs-s/APNQkAEAtMyb-U2ku_El5x1R7mXKCqqlTJ4vLK968ymHcCGvDoKrb6BbIQKKqsXeyXyLZ1XsyV1V_Ux2AL9u9OVeUDPDuL-lDlRRQbw24ZJhXNaWu4h74qxct4ncls9utjn_pYzDtrphgAHsw_qB=s1600,,11.1794351,119.387772,https://www.google.com/maps/place/Nes+Expedition+Travel+%26+Tours+Agency/data=!4m7!3m6!1s0x1ea6de17af34a4d:0x84de2fad818d04a4!8m2!3d11.1794351!4d119.387772!16s%2Fg%2F11vzdjz6hp!19sChIJTUrzeuFt6gERpASNga0v3oQ?authuser=0&hl=en&rclk=1
Outpost Beach Hostel,Beachfront Hostel,Beachfront 2-star hostel with terrace dining and a famously social atmosphere - backpacker HQ on Lugadia Beach.,4.5,(634),969 241 4223,https://wa.me/9692414223,https://www.instagram.com/outposthostels/,https://www.facebook.com/outposthostels/,2-star hotel,0969 241 4223,https://outposthostels.com/,https://lh3.googleusercontent.com/gps-cs-s/APNQkAHTIyCmwRSYALgwqvPlo2gnFJHM1x4FyBDeGknZUab9wPDik5ZcvJBtsi9O4Q2UkAzK9czcfeDOJSQOeAF4eKFPLQJqwnBJ1vCzX16ZLGaZY64kMnmr8mxA5L_Zq4iEXe_wlyoucOn7FOGp=s1600,"Pool, Beachfront",11.1574869,119.3979511,https://www.google.com/maps/place/Outpost+Beach+Hostel/data=!4m7!3m6!1s0x33b6559ee370d0a5:0x78be6d8c7c210444!8m2!3d11.1574869!4d119.3979511!16s%2Fg%2F11g69z33n9!19sChIJpdBw455VtjMRRAQhfIxtvng?authuser=0&hl=en&rclk=1
Elbyahe's Travel and Tours,Boat Tour Agency,Small-team boat tour outfit that punches well above its size on hospitality and itinerary tweaks.,4.9,(146),947 617 3708,https://wa.me/9476173708,https://www.instagram.com/elbyahestravelandtours/,,Boat tour agency,0947 617 3708,https://www.elbyahestravelandtours.com/,https://lh3.googleusercontent.com/gps-cs-s/APNQkAF96vEwbDTJaXVe-9xxpHb0H687tlW99W63Qx9AY4GIGKEowRuN_1ctIaAo5qEQ4fJ98yfvzmR1VHUE2kme4qZALlr01KynuKwzcBJgqKRC7zD6iA5lD_DAkt2z8IYEFQvmKGIWMaztti1P=s1600,,11.1616204,119.3983926,https://www.google.com/maps/place/Elbyahe%27s+Travel+and+Tours/data=!4m7!3m6!1s0x33b6555c82ed33fd:0xcced4392479dcd54!8m2!3d11.1616204!4d119.3983926!16s%2Fg%2F11h55n0pj5!19sChIJ_TPtglxVtjMRVM2dR5JD7cw?authuser=0&hl=en&rclk=1
Corong Corong Beach,Beach / Sunset Spot,"A long, laid-back stretch of beach south of town - sunsets, beach bars, and far fewer crowds than the main strip.",3.7,(360),,,,,,,,https://lh3.googleusercontent.com/gps-cs-s/APNQkAFquAoUam3rRk6kSm4q46r0OX-Qj1gOEybCuPBiSw4T-fjFciQY_LpV46t87gLe2O-g5LTt3Njkn1vVTQQkVdvFx4mMpvdvb29VPq9aWrxC8YrtLgaIVqCf1OU90Ep_ft9AmeqC=s1600,,11.1698884,119.3927179,https://www.google.com/maps/place/Corong+Corong+Beach/data=!4m7!3m6!1s0x33b6557334e01945:0xd57fe60be590525b!8m2!3d11.1698884!4d119.3927179!16s%2Fg%2F1jkxxv2fz!19sChIJRRngNHNVtjMRW1KQ5Qvmf9U?authuser=0&hl=en&rclk=1
Pugad Hostel El Nido Palawan,Hostel,"A garden-fronted budget stay close to town - clean, simple, and surprisingly peaceful.",4.6,(49),909 623 8053,https://wa.me/9096238053,,,Hostel,0909 623 8053,,,Garden,11.1783904,119.3917631,https://www.google.com/maps/place/Pugad+Hostel,+El+Nido+Palawan/data=!4m7!3m6!1s0x33b655e2ae8636ab:0xd348567538f661ef!8m2!3d11.1783904!4d119.3917631!16s%2Fg%2F11xgrq8qbp!19sChIJqzaGruJVtjMR72H2OHVWSNM?authuser=0&hl=en&rclk=1
Home Gym,Gym,"A no-frills local gym for keeping your routine alive while traveling - weights, basics, friendly faces.",5.0,(170),,,https://www.instagram.com/thehomegym.elnido/,https://www.facebook.com/thehomegym.ph/,Gym,,https://www.facebook.com/thehomegym.ph/,https://lh3.googleusercontent.com/gps-cs-s/APNQkAH5JOXD6aUYCT_sFS9iOAcePydM2O9UOiT4QF8Ss_iL1efM0j51yKKfy-d8Kj5xv0JHz9wbICLVJ7ruivJDEUrOkvu2SrI4hFeT3kH0O2lBH5Oc9N6eia7aIbut_6Q5LOTD7U9I=s1600,Gym,11.156221,119.40635,https://www.google.com/maps/place/Home+Gym/data=!4m7!3m6!1s0x33b6550027e9b1b5:0xbe3cdffe18f98d55!8m2!3d11.156221!4d119.40635!16s%2Fg%2F11ldv30n85!19sChIJtbHpJwBVtjMRVY35GP7fPL4?authuser=0&hl=en&rclk=1
El Nido Municipal Covered Court,Public Sports Court,"The town's main covered court - pickup basketball, local events, and a slice of everyday El Nido life.",5.0,(4),,,,,,,,https://lh3.googleusercontent.com/gps-cs-s/APNQkAHrlX8aVEJsMq9fzOftD-RdgP3OE4Cvr-PRAwft6ePnyAQYDFceFOIMdyXmVFDnbz3R1Bw2q0iGEfOEhE1IiEcFuU12ZpWhxugxE1I-u5EzUn9MTHmq7WUmEr7kHHflFO0P1ez58A=s1600,Gym,11.1795537,119.3904538,https://www.google.com/maps/place/El+Nido+Municipal+Covered+Court/data=!4m7!3m6!1s0x33b655f164dc0d3b:0xc23a7654f467220e!8m2!3d11.1795537!4d119.3904538!16s%2Fg%2F11qplljsm9!19sChIJOw3cZPFVtjMRDiJn9FR2OsI?authuser=0&hl=en&rclk=1
El Nido COCO RESORT,3-Star Hotel,"Beachside hotel with thatched cottages, a pool, and that classic Filipino-island-resort feel.",4.2,(434),919 587 7569,https://wa.me/9195877569,https://www.instagram.com/elnidococoresort/,,3-star hotel,0919 587 7569,http://www.coco-resort.com/,https://lh3.googleusercontent.com/gps-cs-s/APNQkAGWaZMQeE7hcPorGOvg-xsB_IIK60ga3dBAx9jU1uGMcpJ9E5dIIzmrodMwr8qHEncsJxitZZWGaPAJdd0gvaLHj3x-8Iq3VuEDH-m9GR2SIxOrW-k4flvnWvLjq2X4TSc-mdJ7_k_6b1rv=s1600,"Pool, Beachfront, Garden",11.1654552,119.3978124,https://www.google.com/maps/place/El+Nido+COCO+RESORT/data=!4m7!3m6!1s0x33b655747d79c28b:0xfd32c82054d9a724!8m2!3d11.1654552!4d119.3978124!16s%2Fg%2F11cn5n2qlw!19sChIJi8J5fXRVtjMRJKfZVCDIMv0?authuser=0&hl=en&rclk=1
SIP Sunset Hostel and Lounge,Hostel,"Beachfront hostel with a buzzing sunset lounge attached - sleep, drink, sunset, repeat.",4.0,(93),908 714 1456,https://wa.me/9087141456,https://www.instagram.com/sip_sunset_lounge_elnido/,,Hostel,0908 714 1456,https://sipsunsethostelandlounge.com/,https://lh3.googleusercontent.com/gps-cs-s/APNQkAEVKq-6gL-C3Vu_k5ZxY3Ogoq2Kxe9WL5cRJt7YnNItFfl4w_cvYRdeixLP1sceHWVW5gO6kdf62HE4Pi-epvDIMurmjHTKXcccEFSjIL_iJR1rk8a5Ub_M_my0Bp5353z-CXh0dw=s1600,"Pool, Beachfront",11.1676625,119.3963986,https://www.google.com/maps/place/SIP+Sunset+Hostel+and+Lounge/data=!4m7!3m6!1s0x33b655e5807ea845:0xdcc680f1916bb91!8m2!3d11.1676625!4d119.3963986!16s%2Fg%2F11y4ncpbsy!19sChIJRah-gOVVtjMRkbsWGQ9ozA0?authuser=0&hl=en&rclk=1
Frangipani El Nido,4-Star Hotel,Informal beachfront hotel with a pool and easy access to all of El Nido's best - comfort without the fuss.,4.2,(181),968 343 7777,https://wa.me/9683437777,https://www.instagram.com/frangipani.elnido/,https://www.facebook.com/frangipanielnido/,4-star hotel,0968 343 7777,http://frangipanielnido.com/,https://lh3.googleusercontent.com/gps-cs-s/APNQkAFzC8rymoFwj_4wbjKfmZFFfQI3tXNVbQq41hPEtOJnRWylaDpdBfjEZ4RSRzyoi-NMuQWkvtdF2mqsAS5A_OjAUji2-yK__7sONJHiaQww2Q6rhjH-aAylZJ5Odsr2W9iTCq2r=s1600,"Pool, Restaurant, Bar, Beachfront",11.1588087,119.3979657,https://www.google.com/maps/place/Frangipani+El+Nido/data=!4m7!3m6!1s0x33b6559e52122bff:0xfd0b68eabb643ea4!8m2!3d11.1588087!4d119.3979657!16s%2Fg%2F11f6ng5_yt!19sChIJ_ysSUp5VtjMRpD5ku-poC_0?authuser=0&hl=en&rclk=1
Spin Designer Hostel,Hostel,Casual designer hostel with a rooftop deck and BBQs - Spin is where the social travelers land.,4.5,(636),917 625 7846,https://wa.me/9176257846,https://www.instagram.com/spinhostelph/,https://www.facebook.com/spinhostel/,2-star hotel,0917 625 7846,https://www.spinhostel.com/,https://lh3.googleusercontent.com/gps-cs-s/APNQkAG-0aJYxC6-1WDrVPL3-AN2RWNUdp2yNC_2nOY7J6L_buhCGZXeWaCLFGJt55LNtMAHyzUjwkh9ldQjJ3PYteLDdm4PMrYH7wTbMA4WvmrcYyMykSNpEX-ih-Qm56ouHf5qrKE=s1600,Pool,11.1802154,119.3927521,https://www.google.com/maps/place/Spin+Designer+Hostel/data=!4m7!3m6!1s0x33b655156dd12a7b:0xb6f5849a1c23d89!8m2!3d11.1802154!4d119.3927521!16s%2Fg%2F11bw1zxqml!19sChIJeyrRbRVVtjMRiT3CoUlYbws?authuser=0&hl=en&rclk=1
Pangulasian El Nido,5-Star Beach Resort,"Beachfront luxury with a full spa, pristine sand, and palm-shaded pool decks - the splurge that earns it.",4.7,(732),917 584 1576,https://wa.me/9175841576,https://www.instagram.com/pangulasian.elnido/,,5-star hotel,0917 584 1576,https://ayalalandhospitality.com/en/el-nido/hotels/pangulasian-el-nido,https://lh3.googleusercontent.com/gps-cs-s/APNQkAHtU2rtDe6E5x5csoOvL0YQVb6Nu_N6kCs_FyqiGf7uFKAm4ygaWru8Nlt6SwMZ3Zy1xL9P5SyLtmqYN4_knKL-4ApNiUiU3WYxVy_ZOZ0Ed6S0RAPhPnH3AHi5BOQEUHyhdZz8CA=s1600,"Pool, Beachfront",11.1131545,119.3357393,https://www.google.com/maps/place/Pangulasian,+El+Nido/data=!4m7!3m6!1s0x33b656b2f7b422e9:0x5b682733be2cd266!8m2!3d11.1131545!4d119.3357393!16s%2Fg%2F1jkvmtn3c!19sChIJ6SK097JWtjMRZtIsvjMnaFs?authuser=0&hl=en&rclk=1
Lovelyn Travel And Tours,Tour Operator,"Warm, attentive tour planning with a beachfront base - small operator, big on hospitality.",4.9,(68),949 172 0549,https://wa.me/9491720549,https://www.instagram.com/lovelyn_tours/,https://www.facebook.com/lovelyntravelandtours,Tour operator,,https://lovelyntravelandtours.com/,https://lh3.googleusercontent.com/gps-cs-s/APNQkAFibDfHTaar8Styt-kKdHEGSavRTOZvGOSsF3aI90-dcZl4A_E1-lj6gyy8WVDYc0Ep-3Wek-ahbUXJnkw8uhB6fCqbVzUZhbAwhMQueU_pGzNCxvj61sZpAgynHQTEhGsTjpI=s1600,"Spa, Beachfront",11.1635852,119.3986968,https://www.google.com/maps/place/Lovelyn+Travel+And+Tours/data=!4m7!3m6!1s0x33b6556a1aaa40c3:0xeb824e4fa4826cb3!8m2!3d11.1635852!4d119.3986968!16s%2Fg%2F11fls1jm7n!19sChIJw0CqGmpVtjMRs2yCpE9Ogus?authuser=0&hl=en&rclk=1
Philguru Travel & Tours,Travel Agency,"A local travel desk happy to handle tours, transfers, and the in-between logistics with a smile.",5.0,(5),947 386 7124,https://wa.me/9473867124,https://www.instagram.com/el_nido_travel_tour/,,Travel agency,0947 386 7124,,https://lh3.googleusercontent.com/gps-cs-s/APNQkAE-0zUajcc7QvibEgfuWCJ7ye4zPPQLFfp0DrtCUlSZw_3xWcuAwux9N7r8rSsUnOcLymwZGypxA2bXU_qdXOZHdmczEbsIvjIway31GkRFIkVsVkon41TsQDEb3d4ArrIWVMh9JA=s1600,,11.1810346,119.3908585,https://www.google.com/maps/place/Philguru+Travel+%26+Tours/data=!4m7!3m6!1s0x33b655744ddc7e2b:0x1b18730ecade4604!8m2!3d11.1810346!4d119.3908585!16s%2Fg%2F11c6cygqfc!19sChIJK37cTXRVtjMRBEbeyg5zGBs?authuser=0&hl=en&rclk=1
Kuya Cris Travel and Tours,Travel Agency,"Honest, friendly, well-priced travel planning from a Rizal Street operator that locals quietly recommend.",4.8,(175),916 668 2959,https://wa.me/9166682959,,,Travel agency,0916 668 2959,http://www.kuyacris-tours.com/,https://lh3.googleusercontent.com/gps-cs-s/APNQkAH5tVOM-9RZGFxRvfwo-gNeUU7WLQBcVJOQqdzrlwJIgC-K6Q3whdU9eGXO46DZ2uMjt-AMp0U597_k4mdJP-xXJDXKgqPCNko9LRCzOdWEQmJ98KOfCNCN55zFzva7lMvtGVfJmkJl78v0=s1600,,11.1782738,119.389877,https://www.google.com/maps/place/Kuya+Cris+Travel+and+Tours/data=!4m7!3m6!1s0x2ecb93b67a1620d9:0x56e90db6f7cb3dc1!8m2!3d11.1782738!4d119.389877!16s%2Fg%2F11t7tx3qh0!19sChIJ2SAWeraTyy4RwT3L97YN6VY?authuser=0&hl=en&rclk=1
Big Paul Hostel - El Nido,Hostel,Beachfront budget stay with a pool and kid-friendly setup - easy choice for families and value-hunters.,4.0,(95),939 881 0672,https://wa.me/9398810672,https://www.instagram.com/bigpaul_elnido/,,2-star hotel,0939 881 0672,,https://lh3.googleusercontent.com/gps-cs-s/APNQkAE8VnEskFaR5S_LumFsHKD-Aq-XY3JOK7089ME1F6vUDoKWmXnxUvEdGN7YOp2Yi-eDbL-x1pBIKRULI6alPmNqoZo0B88mawpiFmp2Xzh-6aE4hrz3RxyW9H9UTeFtDvFTToLy=s1600,"Pool, Beachfront",11.1637983,119.3984391,https://www.google.com/maps/place/Big+Paul+Hostel+-+El+Nido/data=!4m7!3m6!1s0x33b65575b2349851:0xfb4c6e3f2385229f!8m2!3d11.1637983!4d119.3984391!16s%2Fg%2F11f4pkccfx!19sChIJUZg0snVVtjMRnyKFIz9uTPs?authuser=0&hl=en&rclk=1
Happiness Hostel,Hostel,"A cheerful 2-star hostel with a pool, bar, and breakfast - the name is half the marketing pitch.",4.7,(258),916 264 5952,https://wa.me/9162645952,https://www.instagram.com/happinessphboracay/,,2-star hotel,0916 264 5952,https://happinessphilippines.com/,https://lh3.googleusercontent.com/gps-cs-s/APNQkAEWaArsYXVp2YUC8uezN42Wz5_WJ4TsTmkrq-Hi_u73tuXokr-w8QueuGy9Qc2dEUlzhkpIUCOB0FZ8T8rt5wji2aAQjVBCY3QUqC3QKTi3-k04Rm8TdpQWg8MOX2KAUtVNIMQ=s1600,"Pool, Bar",11.1802241,119.3883027,https://www.google.com/maps/place/Happiness+Hostel/data=!4m7!3m6!1s0x33b655d331232539:0x1011fdf3c4784609!8m2!3d11.1802241!4d119.3883027!16s%2Fg%2F11fhvmhx_b!19sChIJOSUjMdNVtjMRCUZ4xPP9ERA?authuser=0&hl=en&rclk=1
Sommer's Hill,Bed & Breakfast / Hilltop Stay,"A peaceful hilltop perch with breakfast and a small gym - quiet mornings, big views.",4.3,(34),,,,,,,,https://lh3.googleusercontent.com/gps-cs-s/APNQkAH-BPk3BE5XzdehcmPfY8lQjeh1EnrjyfFrupHifZHnXb0239t37SnDAXiq1oP4UyCHZP-SgCJQvA5ldsyOdteYSRXPBP2khwWdHFtQ_imeRW5JQhwX3hY08qi96dk_0Mpyn7Wx_A=s1600,"Breakfast, Gym",11.1557141,119.4066606,https://www.google.com/maps/place/Sommer%27s+Hill/data=!4m7!3m6!1s0x33b6553cefec3a9b:0x8741244644fd8fc1!8m2!3d11.1557141!4d119.4066606!16s%2Fg%2F11s___qjhn!19sChIJmzrs7zxVtjMRwY_9REYkQYc?authuser=0&hl=en&rclk=1
Estranghero Tours & Motorbike Rental & Laundry,Travel Agency / Bike Rental,"Tours, motorbike rentals, and laundry under one roof - the practical El Nido swiss-army stop.",4.8,(190),955 930 3836,https://wa.me/9559303836,,,Travel agency,0955 930 3836,,https://lh3.googleusercontent.com/gps-cs-s/APNQkAE1cGLp3zrehEqiGClDL76gTUulPSXoOGlsz4kS0xjf6hsOP1Urlbu2dZQioDG24JmRz_CKY6Ks3y615NIKkqTOgiKA2uZ_rR0aSeJv0iuc1CQJTssWRu-4TboV04EbCAKF8hyi=s1600,Laundry,11.1805933,119.3923795,https://www.google.com/maps/place/Estranghero+Tours+%26+Motorbike+Rental+%26+Laundry/data=!4m7!3m6!1s0x33b65588a60433ad:0x983f553d496377fa!8m2!3d11.1805933!4d119.3923795!16s%2Fg%2F11jzdxyfym!19sChIJrTMEpohVtjMR-ndjST1VP5g?authuser=0&hl=en&rclk=1
Maremegmeg Beach Club,4-Star Hotel / Beach Club,Beachfront 4-star with a stylish pool deck and direct sand access - a polished base on Maremegmeg.,4.6,(480),999 724 3965,https://wa.me/9997243965,https://www.instagram.com/maremegmegbeachclub/,https://www.facebook.com/maremegmegbeachclub,4-star hotel,0999 724 3965,https://mbcelnido.com/,https://lh3.googleusercontent.com/gps-cs-s/APNQkAHx-HdjNL-WLjiaDwwqh37TfuTSA_kkOfKIvYc7g42dztsvSFkhEBaRWJOxrTzJGix1qxrn64m7E11xC2x5e25Cbn-9rtLneVsSippXQTCtXgKOhrg4ptK483GOzxr8FACk-RkznQ=s1600,"Pool, Beachfront",11.1461418,119.3965029,https://www.google.com/maps/place/Maremegmeg+Beach+Club/data=!4m7!3m6!1s0x33b6559ebe7b88b9:0x61a1e57555e5957a!8m2!3d11.1461418!4d119.3965029!16s%2Fg%2F11fd765r5h!19sChIJuYh7vp5VtjMRepXlVXXloWE?authuser=0&hl=en&rclk=1
Spider Travel and Tours,Travel Agency,"Reliable mid-range travel desk for tours, transfers, and trip planning along Rizal Street.",4.2,(149),949 885 6501,https://wa.me/9498856501,https://www.instagram.com/spidertravelandtours/,,Travel agency,0949 885 6501,,https://lh3.googleusercontent.com/gps-cs-s/APNQkAEpzU4eLzhHrryRSB7u8As_LJ4j_gEESEpuECYBPANREYdsPEKRgeJ3tir_WwltKLNUANjYzMus-Wcmc9RC-aOcnQvfxa80C1t05trkc6k6lgSrUBdRs01PVskTXZXZp06LRcMuvTfgE5Wd=s1600,,11.1812113,119.3912548,https://www.google.com/maps/place/Spider+Travel+and+Tours/data=!4m7!3m6!1s0x33b65515949058c3:0xdfd2b1ee5e0cca1c!8m2!3d11.1812113!4d119.3912548!16s%2Fg%2F11g9f700jz!19sChIJw1iQlBVVtjMRHMoMXu6x0t8?authuser=0&hl=en&rclk=1
Jhannas travel and tours,Travel Agency,"Friendly, no-frills local agency for booking your tours and getting on the boat without the headache.",4.0,(72),998 886 6540,https://wa.me/9988866540,,,Travel agency,0998 886 6540,,https://lh3.googleusercontent.com/gps-cs-s/APNQkAHp-c2r1XzN5U3dwA6u3rxBaNrIwQVleYazVLZ4q3hpLTZvMhCqMDsRdqxCTVWMGK9BEpw1wVHsGovMfwYjmDSSSFSlZZoC5rSJnTw04j-tb4Vpst_uHZIArVtVxFBMU5g8eUU81OKhwquG=s1600,,11.1801972,119.387347,https://www.google.com/maps/place/Jhannas+travel+and+tours/data=!4m7!3m6!1s0x33b6550526bc3201:0xd05dea39b4ef1dbc!8m2!3d11.1801972!4d119.387347!16s%2Fg%2F11h523d440!19sChIJATK8JgVVtjMRvB3vtDnqXdA?authuser=0&hl=en&rclk=1
Beachfront travel and tours,Travel Agency,"A central agency on the beachfront strip handling tours, packages, and last-minute travel fixes.",3.8,(41),908 481 1602,https://wa.me/9084811602,https://www.instagram.com/el_nido_travel_tour/,https://www.facebook.com/beachfronttravelandtour,Travel agency,0908 481 1602,https://beachfronttravelandtours.com/,https://lh3.googleusercontent.com/gps-cs-s/APNQkAEssvAOoGqyRcHm3C2EgnMLuS_0epLyowlnuStPTlEYVKcFI6FjDb78u8cArYVmqebCTvQdlmJEssxUi9RKedX0WfnL-031DoYjUh3dUoLtC7NbUx710bVlm74_zPiG50An9jSADSmPW5Y=s1600,Beachfront,11.1633874,119.398163,https://www.google.com/maps/place/Beachfront+travel+and+tours/data=!4m7!3m6!1s0x33b65545bfee04fd:0x66c1d4b7cc2b5b2f!8m2!3d11.1633874!4d119.398163!16s%2Fg%2F11fj750rj4!19sChIJ_QTuv0VVtjMRL1srzLfUwWY?authuser=0&hl=en&rclk=1
H Hospitality Travel & Tours,Tour Agency,Highly rated boutique travel agency on Rizal Street with a hospitality-first approach to every booking.,4.9,(215),917 114 8776,https://wa.me/9171148776,https://www.instagram.com/htt.elnido,https://www.facebook.com/share/1LBLFQF1GZ/,Tour agency,1028 Rizal St,https://hhospitality.tours/,https://lh3.googleusercontent.com/gps-cs-s/APNQkAEWv1ZRWrQYQNhNhvg3J5UtmzmNCy52pqMxQygTAiN-XTa4sPbiz_30Hh-M_ms4_9_0zNHY9-5YGEkG4rffiGif8uaexcNoAwJ9hFOS-HzBIbfWL71dyTIvtmGztM8sseu2yeclvT-ncCVo=s1600,,11.1799816,119.389454,https://www.google.com/maps/place/H+Hospitality+Travel+%26+Tours/data=!4m7!3m6!1s0x33b65500168e90c1:0xb0b430166aee5e87!8m2!3d11.1799816!4d119.389454!16s%2Fg%2F11ysht2tc7!19sChIJwZCOFgBVtjMRh17uahYwtLA?authuser=0&hl=en&rclk=1
Matinloc Island,Island / Natural Attraction,"A dramatic karst island and Tour C highlight - secret beaches, sharp cliffs, and the famous Matinloc Shrine.",4.4,(57),,,,,,,,https://lh3.googleusercontent.com/gps-cs-s/APNQkAFRRhMXvS_jQqv9gnFaey9CpSYngGPRTIHzMnalleOf0mX-6-IZkdk3RfPUxJKEoLSrqIhLwLXWaYlETtSQEeF8Q0SsI_1m2Tki4mxf5guK_Ld6AQ4sU5ZVlqaZmkk6V7wxBiK9=s1600,Restaurant,11.1792443,119.2829211,https://www.google.com/maps/place/Matinloc+Island/data=!4m7!3m6!1s0x33b65303d643b50b:0x50f293c4c4e7fa93!8m2!3d11.1792443!4d119.2829211!16s%2Fg%2F1ydpd6drj!19sChIJC7VD1gNTtjMRk_rnxMST8lA?authuser=0&hl=en&rclk=1
Lime Resort El Nido,3-Star Resort,Beachfront 3-star with a pool and that easy-going island holiday vibe - solid base for tour days.,3.7,(973),968 688 5364,https://wa.me/9686885364,https://www.instagram.com/limeresortelnido/,,3-star hotel,0968 688 5364,http://www.lime.ph/,https://lh3.googleusercontent.com/gps-cs-s/APNQkAFLudJaknopkX67fOZscmtMfW0m_LN2d_CcGffKp4gVJodOdi_VzCeyhYxOQ4BppJ2cgEkJjHI6dJkysOuSyO6QgjUy7xHzNFtoIdE1syKnycaxd-cfqhII7EKK41Duv5OqyQd8=s1600,"Pool, Bar, Beachfront",11.1556814,119.3983672,https://www.google.com/maps/place/Lime+Resort+El+Nido/data=!4m7!3m6!1s0x33b655fc8292003d:0xceb42fe0d1f527a6!8m2!3d11.1556814!4d119.3983672!16s%2Fg%2F11s1b0zm8q!19sChIJPQCSgvxVtjMRpif10eAvtM4?authuser=0&hl=en&rclk=1
RedDoorz @ Tandikan Beach Cottages,Hotel,"Budget-friendly beach cottages from the RedDoorz network - simple, clean, and walkable to town.",3.9,(42),0282487369,https://wa.me/0282487369,https://www.instagram.com/reddoorzph/,https://www.facebook.com/reddoorzph/,Hotel,8248 7369,https://www.reddoorz.com/,https://lh3.googleusercontent.com/gps-cs-s/APNQkAHV7WIAUE2WxowzSG_EQQPCA8MW_xUt8O4vnW4-XZChpokPVL2Cus0MyzNvU4E4VOoUfuHAVslmkSmH7S1vzbkrN-YxGIIviahhBiJkLHeLQb600dSVqssbe9dixkYne9OB76_yd4Rd-Vo=s1600,,11.1821185,119.3919218,https://www.google.com/maps/place/RedDoorz+@+Tandikan+Beach+Cottages/data=!4m7!3m6!1s0x33b6553fd2e8e6af:0x2362e2879fe3576d!8m2!3d11.1821185!4d119.3919218!16s%2Fg%2F1pp2tz4tt!19sChIJr-bo0j9VtjMRbVfjn4fiYiM?authuser=0&hl=en&rclk=1
Ranmarc Dive Shop and Services,Diving Center,"Small, personable dive shop with attentive guides and a focus on quality time underwater.",4.7,(28),998 961 3864,https://wa.me/9989613864,,,Diving center,0998 961 3864,,https://lh3.googleusercontent.com/gps-cs-s/APNQkAGlbBrkg2dvb2FSUYo_G48RI_niuxjCxSiyyjrldkSJrrvGX6JO2y49xYSBcCO36PnWH62J2oGkIK3dlEkkGTPb74My_4n1Izhk8TheqZBoIWC75QoBhNBZlxcynZpoY5S5BRD4sg=s1600,,11.1802229,119.3883732,https://www.google.com/maps/place/Ranmarc+Dive+Shop+and+Services/data=!4m7!3m6!1s0x33b65515ed219de9:0x470d4a6393c549a4!8m2!3d11.1802229!4d119.3883732!16s%2Fg%2F11clyb8mq_!19sChIJ6Z0h7RVVtjMRpEnFk2NKDUc?authuser=0&hl=en&rclk=1
El Nido Moringa Resort,3-Star Resort,"Beachfront 3-star with a pool, restaurant, and accessible setup - easy comfort in a great location.",4.4,(341),999 537 3006,https://wa.me/9995373006,https://www.instagram.com/moringaresort_elnido/,,3-star hotel,0999 537 3006,https://elnido-hotels.com/,https://lh3.googleusercontent.com/gps-cs-s/APNQkAF1D0DSIqGIXuIW_R01M4rUY7ajw3oNVJTHzCkjiLiCzM9BLx_-ebFakWrl42oinlQvEl5rTkhLo1ck-MCiiflSUWzPmy3x5wQV7ZBZrJZIJOLxh_sNWEJRW7UQEEheRWROZmjINQ=s1600,"Pool, Restaurant, Beachfront",11.1647844,119.3983761,https://www.google.com/maps/place/El+Nido+Moringa+Resort/data=!4m7!3m6!1s0x33b6551a5e54086b:0x9302b4588882e8fd!8m2!3d11.1647844!4d119.3983761!16s%2Fg%2F11gxm7y1f2!19sChIJawhUXhpVtjMR_eiCiFi0ApM?authuser=0&hl=en&rclk=1
Lio Wetlands,Nature Reserve,"A protected mangrove and wetland habitat in Lio - birdwatching, boardwalks, and a quieter side of El Nido.",4.6,(8),,,https://www.instagram.com/lioelnido/,,,,,https://lh3.googleusercontent.com/gps-cs-s/APNQkAFsA0BP7cqPlaNkuMAeWPM5InNh6vJ6jaBfP0KEOmJfJTmJd8_WdRSpZawI2j93GU1q-F49qGq6MliorVFSJjISbByyfl7IYTHJRCPAzSSwG5cFY9gakD1pOcESTojBhWqdWlTR=s1600,,11.2116821,119.4206327,https://www.google.com/maps/place/Lio+Wetlands/data=!4m7!3m6!1s0x33b701f8407639e7:0x4b0a400ef415e3e0!8m2!3d11.2116821!4d119.4206327!16s%2Fg%2F11pyc7tkdp!19sChIJ5zl2QPgBtzMR4OMV9A5ACks?authuser=0&hl=en&rclk=1
Isla - The Isla Experience,Hotel,An island stay built around the experience - boutique-feel rooms and personalized service.,4.5,(201),929 330 4511,https://wa.me/9293304511,https://www.instagram.com/islaexperience/,,Hotel,0929 330 4511,http://www.islaexperience.com/,https://lh3.googleusercontent.com/gps-cs-s/APNQkAHwJJdlC-SmV8VvJd0Zv9XSeYfm_tO_PNjYdLgZKQ5itAid5fDMsVhg95OGMiLtO41Tn8ZHy_qwyUFRKyR7gYhT_123sXWbCFut3o4bkBzMtARJ9LI_1URfC2Mcnuh9GfxZHlOitbBXKfc=s1600,Bar,11.3660697,119.525724,https://www.google.com/maps/place/Isla+-+The+Isla+Experience/data=!4m7!3m6!1s0x33b70f706d2db2eb:0xdcc6a7017088be04!8m2!3d11.3660697!4d119.525724!16s%2Fg%2F11fr6l2rxb!19sChIJ67ItbXAPtzMRBL6IcAGnxtw?authuser=0&hl=en&rclk=1
El Nido Mahogany Beach Resort,3-Star Resort,Laid-back beach resort with a pool bar and the classic flip-flops-all-day energy.,4.5,(446),919 951 7930,https://wa.me/9199517930,https://www.instagram.com/elnido_mahoganybeachresort/,https://www.facebook.com/elnidomahogany,3-star hotel,0919 951 7930,http://www.elnido-mahogany.com/,https://lh3.googleusercontent.com/gps-cs-s/APNQkAFWW3cu_XztaaUDO66DJO1t-5VrWYRFB3L-3l3aYJxsy663KztOHFx95FFwTSizgKaJPXy_fsQoDeoL4H-juK-r70kBu-Pzthyg1mLocXLBSrc_ud3pMs6axlp9DR50IpS26OKJ=s1600,"Pool, Beachfront",11.1649956,119.3976619,https://www.google.com/maps/place/El+Nido+Mahogany+Beach+Resort/data=!4m7!3m6!1s0x33b655748c9d1e51:0xd0e90c41a74f2b50!8m2!3d11.1649956!4d119.3976619!16s%2Fg%2F11cmr0p7l5!19sChIJUR6djHRVtjMRUCtPp0EM6dA?authuser=0&hl=en&rclk=1
Forest Bay Inn El Nido,Bed & Breakfast,"A cozy B&B at Sitio Cabugao - homemade breakfast, pool, and a quieter slice of El Nido.",4.6,(29),917 534 0544,https://wa.me/9175340544,,,Bed & breakfast,0917 534 0544,https://www.booking.com/Share-oQkm6U4,https://lh3.googleusercontent.com/gps-proxy/ALd4DhE0mtBFh-PKCwkHl_pxoSEirr-Yd98V7XFcTHwI1I64l-nKzSSAorEw9emuYsqgFPudjGXlZMIQfi1JAO8PnIkVNT_BjGMx37U-__AJQwTL74Kzmy51iSyAN_m7eKgnAopHWQZklIuM5MCKDJHW_9C1rUFTToH7e9zijiRob_p0I6Csk-mClOiGLg=s1600,Pool,11.1845782,119.3939169,https://www.google.com/maps/place/Forest+Bay+Inn+El+Nido/data=!4m7!3m6!1s0x33b6ff3238fe9f73:0xe450bed0b28283ef!8m2!3d11.1845782!4d119.3939169!16s%2Fg%2F11y23n7lgd!19sChIJc5_-ODL_tjMR74OCstC-UOQ?authuser=0&hl=en&rclk=1
Dolarog Beach Resort,3-Star Beachfront Resort,"Laid-back beachfront resort with a pool tucked away in Dolarog - peace, sand, and zero pretense.",4.3,(288),968 218 5450,https://wa.me/9682185450,,,3-star hotel,0968 218 5450,http://dolarogresort.com/,https://lh3.googleusercontent.com/gps-proxy/ALd4DhEDrUoOoEb_xh9mFJhVgEJKWieYKcnoregUELHUC9XiwK3_LISUWMj_FA9dv8r4eberUEIpIhZ_UOeTejcBZgU7AfbAsi1jrIar2PpVjQ1rsJea5JrRGRRiwqpLsJVUKAhaqgGbimXANJ899BDQiK2QyY-f_hhl7INvRJ7vmxQ0F6tSatzt1vtHpg=s1600,"Pool, Beachfront",11.135674,119.397802,https://www.google.com/maps/place/Dolarog+Beach+Resort/data=!4m7!3m6!1s0x33b655eaabf4d4c3:0x1495265fec60a778!8m2!3d11.135674!4d119.397802!16s%2Fg%2F1vcq542m!19sChIJw9T0q-pVtjMReKdg7F8mlRQ?authuser=0&hl=en&rclk=1
Bayan Yoga,Yoga Studio,"Drop-in yoga classes in the heart of town - solid teachers, welcoming vibe, easy to fit between tours.",4.9,(40),919 398 0807,https://wa.me/9193980807,https://www.instagram.com/bayanyoga.elnido/,,Yoga studio,0919 398 0807,https://bayanyoga.rezerv.co/,https://lh3.googleusercontent.com/gps-cs-s/APNQkAEV4HtF7Ce2dq2sVw2zooaV2LQnVbmpB9VY0TbKOl9TTc8hFilCvmbtq8prbo0-Qwjsjyq1ZqtufS-3hPoSP0CseEYMAJMIEE_gkf2oiG0103mex4BFG5SkMkKeLDjq4D7NRwj5Uw=s1600,"Gym, Restaurant",11.1784738,119.3906041,https://www.google.com/maps/place/Bayan+Yoga/data=!4m7!3m6!1s0x33b655591518a0e7:0x8b8b61f20cf88ecd!8m2!3d11.1784738!4d119.3906041!16s%2Fg%2F11wp0h95bh!19sChIJ56AYFVlVtjMRzY74DPJhi4s?authuser=0&hl=en&rclk=1
D Gifts Travel and Tours,Travel Agency,"Beachfront travel agency with a glowing reputation - handles tours, transfers, and special-request itineraries.",5.0,(47),938 785 0062,https://wa.me/9387850062,https://www.instagram.com/ansleydiago,https://www.facebook.com/profile.php?id=100078288803459,Travel agency,0938 785 0062,https://dgiftstravelandtours.com/,https://lh3.googleusercontent.com/gps-cs-s/APNQkAEAxJ9s2Ljo_S66RV4wSKnTjyZ_J_tlM6zOgysIAh-6_TZJ3LL7fnpYT3MxisZdmKlHKlbIT1gpK8Vn-PZhBu1lMGduXT1DgKLdkjTxS4M7KlS9h1ZDwQdQVrktsHFOqBKgR6WegmM-wc6K=s1600,Beachfront,11.1699221,119.3943796,https://www.google.com/maps/place/D+Gifts+Travel+and+Tours/data=!4m7!3m6!1s0x33b65500514744af:0xd107985d04b63adf!8m2!3d11.1699221!4d119.3943796!16s%2Fg%2F11y7hhb52w!19sChIJr0RHUQBVtjMR3zq2BF2YB9E?authuser=0&hl=en&rclk=1
Yacht Wreck Bar,Bar,A nautical-themed bar with a stiff pour and a great story for every shipwreck on the wall.,4.8,(282),943 679 7533,https://wa.me/9436797533,https://www.instagram.com/yachtwreckofficial/,https://www.facebook.com/yachtwreckbar5313/,Bar,0943 679 7533,https://www.facebook.com/yachtwreckbar5313/,https://lh3.googleusercontent.com/gps-cs-s/APNQkAFNwBnhquwuQIQxdm1tMhnZDGIbfNm7oDrf30fqQ7oGL6KazFPBYYyIcHJPjt3IeS80ThHNOZzDP2z69xP9hi_qebSGzzsFiKEg5FPPOQAJaGEBhNvqI-yjV7RevDtjpxFUvHKb=s1600,Bar,11.1811575,119.3906959,https://www.google.com/maps/place/Yacht+Wreck+Bar/data=!4m7!3m6!1s0x33b655cf2eaa09f3:0xa5540d4b1fb670b7!8m2!3d11.1811575!4d119.3906959!16s%2Fg%2F11trjxvpkk!19sChIJ8wmqLs9VtjMRt3C2H0sNVKU?authuser=0&hl=en&rclk=1
Depeldet Island,Island / Natural Attraction,"A tiny stunning islet near El Nido - sandbar moments, clear water, and a barely-touched feel.",4.9,(13),,,,,,,,https://lh3.googleusercontent.com/gps-cs-s/APNQkAGbqFiCm6RGVljvvmxvqKbIxG4k6nxanEPDKZ7ndbJaMLBiITO4RNLH4W8MPPFP9voJYseRbmjOoFJcnk7ZbO3Cqy2UV98aVeyd2xHGAwKXhWsuxwrMcqG72fWO23A6W3FJqQ8=s1600,,11.1451406,119.3901781,https://www.google.com/maps/place/Depeldet+Island/data=!4m7!3m6!1s0x33b655bebde30f0d:0x1d77d89bbbad65d4!8m2!3d11.1451406!4d119.3901781!16s%2Fg%2F11bbt6xnd0!19sChIJDQ_jvb5VtjMR1GWtu5vYdx0?authuser=0&hl=en&rclk=1
Last Frontier Beach Resort - Adults Only,3-Star Adults-Only Resort,Adults-only beachfront resort with a pool - built for couples and grown-up getaways.,4.6,(365),999 992 6281,https://wa.me/9999926281,https://www.instagram.com/lastfrontierelnido/,,3-star hotel,0999 992 6281,http://www.lastfrontierbeachresort.com/,https://lh3.googleusercontent.com/gps-cs-s/APNQkAEZujUfAobXlJqTHS0UgyCRFin2iTS4JKVd5WZIlswIfEG7N4-51vBaXdVeQS7mwrEa0kyGVUQqgM_xoxk3P1cHxYTyaYEZ4KtKDRWLohKXBUbSegF3odNHE60ZVmSKQqsilCY5=s1600,"Pool, Beachfront",11.165583,119.396989,https://www.google.com/maps/place/Last+Frontier+Beach+Resort+-+Adults+Only/data=!4m7!3m6!1s0x33b655748317b05d:0xb477df7d849f7f17!8m2!3d11.165583!4d119.396989!16s%2Fg%2F11c48c0t1y!19sChIJXbAXg3RVtjMRF3-fhH3fd7Q?authuser=0&hl=en&rclk=1
RedDoorz @ Island Front Cottages El Nido,Hotel,"Beachfront cottages in Corong Corong with a pool, restaurant, and kid-friendly basics covered.",3.6,(67),0282487369,https://wa.me/0282487369,https://www.instagram.com/reddoorzid,https://www.facebook.com/reddoorzindonesia,Hotel,6 El Nido,https://www.reddoorz.com/,https://lh3.googleusercontent.com/gps-cs-s/APNQkAEkMV1Q5rNTwgdq8UxR6f09XMN-7plaoiOJ6rUTgam45nybbNKaigTLpfpq-VXZA1WwRRWd5o0YOcCY_e6CduYW6tie9lGobLygual1PU0gz3Qt0tUQyde49PJ8qjKEG3S8aWrwbK45qdAQ=s1600,"Pool, Restaurant, Beachfront, Garden",11.1611875,119.3980625,https://www.google.com/maps/place/RedDoorz+@+Island+Front+Cottages+El+Nido/data=!4m7!3m6!1s0x33b7aaaa3517f881:0x625adcfbb21b14f9!8m2!3d11.1611875!4d119.3980625!16s%2Fg%2F11ycqtypp!19sChIJgfgXNaqqtzMR-RQbsvvcWmI?authuser=0&hl=en&rclk=1
Clydenike and Guenkean travel & tour,Travel Agency,"A small, eager local agency happy to put together your El Nido trip with personal care.",5.0,(1),966 839 6288,https://wa.me/9668396288,,https://www.facebook.com/clydenike,Travel agency,0966 839 6288,https://www.facebook.com/clydenike,https://lh3.googleusercontent.com/gps-cs-s/APNQkAGSeu7nKWVuk1egIoFkrZAiRCqXpiJdWJuu34faoI5L_EjKWDJYDpjEA_Nrcll1POElB8CrTdtE1mHbOMzX_t8jaPxQs6C-wp_7uYhZ6J1yJk4hyb-cs6DYmn7UUwCULKKtEFa_=s1600,,11.1785915,119.3903513,https://www.google.com/maps/place/Clydenike+and+Guenkean+travel%26tour/data=!4m7!3m6!1s0x33b6552d86e4373d:0x4984f462247fdecb!8m2!3d11.1785915!4d119.3903513!16s%2Fg%2F11vq0h96_j!19sChIJPTfkhi1VtjMRy95_JGL0hEk?authuser=0&hl=en&rclk=1
Picado House,Vacation Rental,A full private house sleeping 6-8 - ideal for families or groups who want their own space in town.,5.0,(8),968 376 3069,https://wa.me/9683763069,,,Vacation Rental,6 to 8 pax,,https://lh3.googleusercontent.com/gps-cs-s/APNQkAH6FPqUySYeCxCovv6n9f5gk_hRjL9oM8xhlABCdpab3yaBid9s10giwuP4uAj-aTLV2Oyh1rll2OFfeQ94dPB6Ndd-PS1wQxm5OJvFXk05znUviu8KpSWr2jNVDsR2r1IxkBcIcNaOPzM=s1600,,11.178592,119.3905069,https://www.google.com/maps/place/Picado+House/data=!4m7!3m6!1s0x33b6553ffea6a5bf:0x405fb59e5df3bb46!8m2!3d11.178592!4d119.3905069!16s%2Fg%2F11y67j4nqz!19sChIJv6Wm_j9VtjMRRrvzXZ61X0A?authuser=0&hl=en&rclk=1
Buko Beach Resort,4-Star Beachfront Resort,Beachfront 4-star at Sitio Lugadia with a pool and full amenities - comfort right on the sand.,4.6,(229),(048) 550 8114,https://wa.me/0485508114,https://www.instagram.com/bukobeachresortelnido,https://www.facebook.com/BukoResort,4-star hotel,10 Sitio Lugadia,https://bukobeachresort.com/,https://lh3.googleusercontent.com/gps-cs-s/APNQkAE7Esxr6WSBGpNwMef8hHRg0k9Q1thrqUpMzSdMWc_VG9NqwD-r4_4b2c7Rt42Mtxp9VQT6V41ZgJ8VtwzFMjMRMDtF-jdGAuMt5iv1Ye9s0TTqIyW2qumm4wXRaAS2Feo-SUo=s1600,"Pool, Beachfront",11.1569813,119.3981414,https://www.google.com/maps/place/Buko+Beach+Resort/data=!4m7!3m6!1s0x33b6550ca74c1d0d:0x83e439fedb6a5ea0!8m2!3d11.1569813!4d119.3981414!16s%2Fg%2F11dfgsz5sw!19sChIJDR1MpwxVtjMRoF5q2_455IM?authuser=0&hl=en&rclk=1
El Nido Bayview Resort,3-Star Resort,"Beachfront resort at Sitio Marimegmeg with a pool, garden, and beach access - solid mid-range pick.",3.9,(448),917 889 2727,https://wa.me/9178892727,https://www.instagram.com/elnidobayviewresort/,,3-star hotel,0917 889 2727,https://elnidobayviewresort.online/,,"Pool, Beachfront, Garden",11.1491342,119.3980304,https://www.google.com/maps/place/El+Nido+Bayview+Resort,+Inc./data=!4m7!3m6!1s0x33b655970535e321:0xbe1f2534497a683c!8m2!3d11.1491342!4d119.3980304!16s%2Fg%2F11btm57b43!19sChIJIeM1BZdVtjMRPGh6STQlH74?authuser=0&hl=en&rclk=1
Stunning Republic Beach Resort,3-Star Beachfront Resort,Beachfront resort with a pool and full breakfast - a relaxed base for hitting island tours.,3.7,(274),999 566 0888,https://wa.me/9995660888,https://www.instagram.com/stunningrepublic/,,3-star hotel,0999 566 0888,http://stunningrepublic.com/,https://lh3.googleusercontent.com/gps-cs-s/APNQkAGdZcLOHbG8NPKL8fJ65MxVTQBT8wop07tVJagc02na-fcrTYEIxW26y8pFs7eLpvv_YYlD2Ckd5SR2IqM1rG4gJj74Xjq7PwR8PEWMmiB0sZdNkVZ6DXH_QuVybIn7fe7hii-H=s1600,"Pool, Beachfront",11.1595584,119.3982659,https://www.google.com/maps/place/Stunning+Republic+Beach+Resort/data=!4m7!3m6!1s0x33b6559e35722977:0x6468575b27c6e7b2!8m2!3d11.1595584!4d119.3982659!16s%2Fg%2F11h13n64l!19sChIJdylyNZ5VtjMRsufGJ1tXaGQ?authuser=0&hl=en&rclk=1
La Plage Restaurant & Beach Bar,Restaurant / Beach Bar,"Beachfront restaurant and bar with a pool, French-leaning menu, and a sunset crowd that knows what's up.",4.4,(822),960 483 4921,https://wa.me/9604834921,https://www.instagram.com/laplageelnido/,,Restaurant,0960 483 4921,https://laplage-elnido.com/,https://lh3.googleusercontent.com/gps-cs-s/APNQkAFjl95CbLMJ8GLG38dnvkfTZ2F3yHtnVZKRd0VV8GJtSAcKNHrvnEeFo5et7sUwYQsqXUl3NfnC8bgGZw5PXcLqkHPpfEys2euoKUUdsArLKeQE71SSWJ68ukms39574ugYwiHg=s1600,"Pool, Restaurant, Bar, Beachfront",11.1651769,119.3969489,https://www.google.com/maps/place/La+Plage+Restaurant+%26+Beach+Bar/data=!4m7!3m6!1s0x33b6558470fa34eb:0x873a2c1ecea8e180!8m2!3d11.1651769!4d119.3969489!16s%2Fg%2F11fj8271_7!19sChIJ6zT6cIRVtjMRgOGozh4sOoc?authuser=0&hl=en&rclk=1
Colibris Corner,Hotel,"A charming small hotel at Maremegmeg with a balcony, gym, and that low-key boutique feel.",4.8,(43),917 303 7488,https://wa.me/9173037488,https://www.instagram.com/colibriscorner.elnido/,,Hotel,0917 303 7488,http://www.colibriscorner.com/,https://lh3.googleusercontent.com/gps-cs-s/APNQkAGHeZbTGHKmfbEQ8p5PcXiquvX9zOggolayKRA-t5sf4hxX89CY4EnwcWrOslxINOlmPtszfBBDD8VRU_XA_NxXSvjhXEQ57giCqIo_CAvxraBS65OLKuWWHiTwxMxmO3eQt0C7Oq36jNTh=s1600,Gym,11.1441312,119.39463,https://www.google.com/maps/place/Colibris+Corner/data=!4m7!3m6!1s0x33b655fe76967a21:0xa94b10c9b7f8b41c!8m2!3d11.1441312!4d119.39463!16s%2Fg%2F11sysg6n5b!19sChIJIXqWdv5VtjMRHLT4t8kQS6k?authuser=0&hl=en&rclk=1
Seda Lio,5-Star Hotel,Relaxed 5-star at Lio Tourism Estate with an infinity pool - polished and quietly stylish.,4.5,"(1,078)",917 818 1929,https://wa.me/9178181929,https://www.instagram.com/sedalioresort/,,5-star hotel,0917 818 1929,https://www.sedahotels.com/hotel/view/11/seda-lio,https://lh3.googleusercontent.com/gps-cs-s/APNQkAGNwxZwx0R0dvltCYrgqrKWXhXUBqxyLgZe2Dd5k1hSdleTo04qywhLTMRC352W61Z1bI5xfdIiTx7AevTEuCVUxT-G4KmkrQpvMiG5eYPeb7hPdmndjmd6aVh8Dn5hb1MDRTCE=s1600,Pool,11.2114257,119.418312,https://www.google.com/maps/place/Seda+Lio/data=!4m7!3m6!1s0x33b7aaa841088c0b:0x58513dac3ab4c4eb!8m2!3d11.2114257!4d119.418312!16s%2Fg%2F11hdc2xsxb!19sChIJC4wIQaiqtzMR68S0Oqw9UVg?authuser=0&hl=en&rclk=1
Yva travel and tours,Travel Agency,"A small local travel agency on Real Street - friendly, flexible, and easy to walk in for a booking.",4.0,(19),977 416 0305,https://wa.me/9774160305,https://www.instagram.com/yva_travelandtours/,,Travel agency,0977 416 0305,,https://lh3.googleusercontent.com/gps-cs-s/APNQkAHVc44mJiIgP8ix4I9lKIcy6nx5bQArgwJ-HbCWwI8C95of6wNwUMtKZUZ9fIbt_nsOsMQra45_CVp4vsvxC4y7imhlxq7CgGonQU7KBIs5j13LFbqRytS7xii9z41sGq5WSF-Ip1TR6f41=s1600,,11.1798338,119.3881666,https://www.google.com/maps/place/Yva+travel+and+tours/data=!4m7!3m6!1s0x33b655007c498c9b:0x672ebab7209bf6c7!8m2!3d11.1798338!4d119.3881666!16s%2Fg%2F11lc_9v4vs!19sChIJm4xJfABVtjMRx_abILe6Lmc?authuser=0&hl=en&rclk=1